ccode,country,year,cyr,genyr,severity,magnitud,maglag,stfl,stfllag,coups,couplag,coldwar,regtype,rtyplag,marg,iperp,itarget,ineutral,iperplag,itarglag,ineutlag,ainr,ainr2y,ainr2ylg,ainr3y,aibr,aibr2y,aibr2ylg,aibr3y,ainrlag,aibrlag,economist,newsweek,avmdia,avmdia2y,avm2ylag,avmdia3y,econolag,nwswklag,avmdiala,pop,lpop,lpoplag,usmil,lusmil,usmillag,lusmilag,unchr,unchrlag,physint,ptsavg,archigos,archilag,punishlg,mag010,mag010lg,telephon,telep100,chngtele,chngtlag,ainr3ylg,aibr3ylg,avm3ylag
90,Guatemala,1978,901978,1,650,0.5,0,1,1,0,0,1,-5,-3,10.53,0,0,0,0,0,0,1,1,1,2,1,2,2,4,0,1,0,0,0,1,0,1,0,0,0,6345655,15.66,15.64,0,-3.69,1.4,0.34,1,0,,4,0,0,0,1,0,74237,1.1108705,15.12111,,1,3,1
90,Guatemala,1979,901979,2,650,0.5,0.5,1,1,0,0,1,-5,-5,11.61,0,0,0,0,0,0,2,3,1,4,19,20,2,22,1,1,1,0,1,1,1,2,0,0,0,6495749,15.69,15.66,0,-3.69,0,-3.69,1,1,,4,0,0,4,1,1,78623,1.1483905,5.908105,15.12111,2,4,1
90,Guatemala,1980,901980,3,6000,2,0.5,1,1,0,0,1,-5,-5,12.61,0,0,0,0,0,0,0,2,3,3,25,44,20,45,2,19,1,1,1,2,1,2,1,0,1,6649593,15.71,15.69,0,,0,-3.69,1,1,,4.5,0,0,4,4,1,82975,1.1827039,5.535276,5.908105,4,22,2
90,Guatemala,1981,901981,4,6000,2,2,1,1,0,0,1,-5,-5,13.35,0,0,0,0,0,0,1,1,2,3,18,43,44,62,0,25,2,2,2,3,2,4,1,1,1,6828684,15.74,15.71,0,,0,,1,1,0,4.5,0,0,4,4,4,88587,1.2318133,6.763483,5.535276,3,45,1.5
90,Guatemala,1982,901982,5,48000,3.5,2,1,1,3,0,1,-7,-5,14.41,0,0,0,0,0,0,1,2,1,2,20,38,43,63,1,18,8,3,6,8,3,9,2,2,2,6982721,15.76,15.74,0,,0,,1,1,1,4.5,1,0,4,7,4,98670,1.3381991,11.382031,6.763483,3,62,3.5
90,Guatemala,1983,901983,6,3000,1.5,3.5,1,1,1,3,1,-7,-7,15.37,0,0,0,0,0,0,0,1,2,2,16,36,38,54,1,20,4,3,4,10,8,12,8,3,6,7188649,15.79,15.76,0,,0,,1,1,1,4.5,1,1,4,3,7,106125,1.4038621,7.555488,11.382031,2,63,8.5
90,Guatemala,1984,901984,7,1500,1,1.5,1,1,0,1,1,-6,-7,15.52,0,0,0,0,0,0,0,0,1,1,13,29,36,49,0,16,0,0,0,4,10,10,4,3,4,7380338,15.81,15.79,0,,0,,1,1,0,4.5,0,1,4,2,3,117151,1.5120326,10.389635,7.555488,2,54,11
90,Guatemala,1985,901985,8,1500,1,1,1,1,0,0,1,-2,-6,16.86,0,0,0,0,0,0,0,0,0,0,22,35,29,51,0,13,1,0,1,1,4,5,0,0,0,7580844,15.84,15.81,0.8,-0.22,0,,1,1,0,4.5,0,0,4,2,2,128179,1.6149341,9.413492,10.389635,1,49,9
90,Guatemala,1986,901986,9,650,0.5,1,1,1,0,0,1,3,-2,20.61,0,0,0,0,0,0,1,1,0,1,11,33,35,46,0,22,0,1,1,2,1,2,1,0,1,7819999,15.87,15.84,9,2.2,0.8,-0.22,1,1,0,4,0,0,4,1,2,130971,1.6116257,2.1782038,9.413492,0,51,4
90,Guatemala,1987,901987,10,650,0.5,0.5,1,1,0,0,1,3,3,19.87,1,0,0,0,0,0,1,2,1,2,8,19,33,41,1,11,0,0,0,1,2,2,0,1,1,8159885,15.91,15.87,9,2.2,9,2.2,1,1,4,4,0,0,4,1,1,132718,1.5956844,1.333883,2.1782038,1,46,1
90,Guatemala,1988,901988,11,650,0.5,0.5,1,1,1,0,1,3,3,21.46,0,0,0,1,0,0,0,1,2,2,11,19,19,30,1,8,0,0,0,0,1,1,0,0,0,8495815,15.96,15.91,14.9,2.7,9,2.2,1,1,1,4,0,0,3,1,1,138222,1.624166,4.147139,1.333883,2,41,1
90,Guatemala,1989,901989,12,650,0.5,0.5,1,1,1,1,1,3,3,21.71,0,0,1,0,0,0,1,1,1,2,18,29,19,37,0,11,1,0,1,1,0,1,0,0,0,8730575,15.98,15.96,14.3,2.66,14.9,2.7,1,1,2,4,0,0,3,1,1,158840,1.8241745,14.916583,4.147139,2,30,0.5
90,Guatemala,1990,901990,13,1500,1,0.5,1,1,0,1,0,3,3,24.39,0,0,1,0,0,1,3,4,1,4,26,44,29,55,1,18,4,0,2,3,1,3,1,0,1,8965553,16.01,15.98,4.9,1.59,14.3,2.66,1,1,1,5,0,0,3,2,1,190218,2.1348531,19.75447,14.916583,2,37,0.5
90,Guatemala,1991,901991,14,0,0,1,1,1,0,0,0,3,3,23.38,,,,0,0,1,0,3,4,4,19,45,44,63,3,26,2,0,1,3,3,4,4,0,2,9213253,16.04,16.01,0.6,-0.51,4.9,1.59,1,1,2,4,0,0,3,0,2,202209,2.2174575,6.3038197,19.75447,4,55,2.5
92,El Salvador,1980,921980,1,12000,2.5,0,1,1,0,1,1,-2,-4,20.35,0,0,1,0,0,1,3,4,0,4,14,18,7,25,1,4,0,3,2,5,2,7,0,0,0,4566199,15.33,15.32,13.4,2.6,0,,1,0,,4.5,1,1,0,5,0,68833,1.4763052,2.590357,,2,17,6.5
92,El Salvador,1981,921981,2,12000,2.5,2.5,1,1,0,0,1,0,-2,21.83,0,0,0,0,0,1,2,5,4,5,7,21,18,28,3,14,0,0,0,2,5,5,0,3,2,4515094,15.32,15.33,72.8,4.29,13.4,2.6,1,1,0,4.5,0,1,4,5,5,72690,1.5349734,5.603417,2.590357,4,25,8
92,El Salvador,1982,921982,3,12000,2.5,2.5,1,1,0,0,1,2,0,23.22,1,0,0,0,0,0,2,4,5,7,9,16,21,30,2,7,1,5,3,3,2,5,0,0,0,4474873,15.31,15.32,157.4,5.06,72.8,4.29,1,1,0,4.5,0,0,4,5,5,79603,1.6568074,9.510249,5.603417,5,28,5.5
92,El Salvador,1983,921983,4,6000,2,2.5,1,1,0,0,1,4,2,21.59,1,0,0,1,0,0,0,2,4,4,20,29,16,36,2,9,1,4,3,6,3,6,1,5,3,4521153,15.32,15.31,149.4,5.01,157.4,5.06,1,1,0,4.5,0,0,4,4,5,80448,1.6517092,1.0615178,9.510249,7,30,4.5
92,El Salvador,1984,921984,5,3000,1.5,2,1,1,0,0,1,6,4,22.05,1,0,0,2,0,0,1,1,2,3,8,28,29,37,0,20,1,2,2,5,6,8,1,4,3,4587633,15.34,15.32,348.4,5.85,149.4,5.01,1,1,0,4.5,0,0,4,3,4,86257,1.7478743,7.2208133,1.0615178,4,36,5.5
92,El Salvador,1985,921985,6,1500,1,1.5,1,1,0,0,1,6,6,22.94,1,0,0,1,0,0,0,1,1,1,13,21,28,41,1,8,0,0,0,2,5,5,1,2,2,4664361,15.36,15.34,233.9,5.45,348.4,5.85,1,1,1,4,0,0,4,2,3,90496,1.8103147,4.914384,7.2208133,3,37,7
92,El Salvador,1986,921986,7,1500,1,1,1,1,0,0,1,6,6,24.42,1,0,0,1,0,0,0,0,1,1,15,28,21,36,0,13,15,3,0,0,2,2,0,0,0,4751017,15.37,15.36,204.4,5.32,233.9,5.45,1,1,1,4.5,0,0,4,2,2,91122,1.8000627,0.69174325,4.914384,1,41,4
92,El Salvador,1987,921987,8,650,0.5,1,1,1,0,0,1,6,6,30.53,1,0,0,1,0,0,1,1,0,1,17,32,28,45,0,15,17,3,1,1,0,1,15,3,0,4842194,15.39,15.37,182.4,5.21,204.4,5.32,1,1,3,4.5,0,0,4,1,2,98107,1.914352,7.6655474,0.69174325,1,36,10.5
92,El Salvador,1988,921988,9,650,0.5,0.5,1,1,0,0,1,6,6,34.25,1,0,0,1,0,0,1,2,1,2,15,32,32,47,1,17,15,2,1,2,1,2,17,3,1,4930397,15.41,15.39,129.2,4.86,182.4,5.21,1,1,1,4.5,0,0,4,1,1,105672,2.0365283,7.7109685,7.6655474,1,45,19
92,El Salvador,1989,921989,10,150,0,0.5,1,1,0,0,1,6,6,36.14,0,0,0,1,0,0,1,2,2,3,12,27,32,44,1,15,12,1,6,7,3,8,15,2,1,5015522,15.43,15.41,124.2,4.82,129.2,4.86,1,1,0,4,0,0,4,0,1,119867,2.2802896,13.433076,7.7109685,2,47,27.5
92,El Salvador,1990,921990,11,0,0,0,1,1,0,0,0,6,6,37.18,,,,0,0,1,3,4,2,5,15,27,27,42,1,12,15,2,3,9,7,10,12,1,6,5099884,15.44,15.43,119.3,4.78,124.2,4.82,1,1,1,4,0,0,4,0,0,124969,2.3447647,4.2563844,13.433076,3,44,25
155,Chile,1973,1551973,1,6000,2,0,1,0,2,0,1,-7,6,4.34,0,0,0,0,0,0,,,,,,,,,,,,,,,,,,,,9896635,16.11,16.09,57.8,4.06,49.4,3.9,,,,,1,0,,4,0,,,,,,,
155,Chile,1974,1551974,2,6000,2,2,0,1,0,2,1,-7,-7,3.49,0,0,0,0,0,0,,,,,,,,,,,,,,,,,,,,1.01E+07,16.13,16.11,58,4.06,57.8,4.06,,,,,0,1,,4,4,,,,,,,
155,Chile,1975,1551975,3,3000,1.5,2,0,0,0,0,1,-7,-7,5.47,0,0,0,0,0,0,1,,,,2,,,,,,0,1,1,,,,,,,1.03E+07,16.14,16.13,2,0.69,58,4.06,,,,,0,0,,3,4,297000,2.850549,,,,,
155,Chile,1976,1551976,4,3000,1.5,1.5,0,0,0,0,1,-7,-7,4.79,0,0,0,0,0,0,3,4,,,6,8,,,,2,1,1,1,2,,,0,1,1,1.04E+07,16.16,16.14,0,,2,0.69,1,,,3.5,0,0,,3,3,308000,2.9132555,3.7037036,,,,
155,Chile,1977,1551977,5,0,0,1.5,0,0,0,0,1,-7,-7,4.56,,,,0,0,0,2,5,4,6,3,9,8,11,3,6,0,1,1,2,2,3,1,1,1,1.06E+07,16.18,16.16,0,,0,,1,1,,3.5,0,0,4,0,3,325000,3.0314198,5.5194807,3.7037036,,,
160,Argentina,1976,1601976,1,3000,1.5,0,1,0,1,0,1,-9,6,2.72,0,0,0,0,0,0,2,2,,,10,13,,,0,5,0,0,0,0,,,0,0,0,2.65E+07,17.09,17.08,104.4,4.65,98,4.58,0,,,4.5,1,0,,3,0,1678000,6.346896,1.635373,5.5194807,,,
160,Argentina,1977,1601977,2,3000,1.5,1.5,0,1,0,1,1,-9,-9,2.2,0,0,0,0,0,0,2,4,2,4,7,17,13,20,2,10,1,1,1,1,0,1,0,0,0,2.70E+07,17.11,17.09,2,0.69,104.4,4.65,0,0,,5,0,1,0,3,3,1692000,6.29728,0.83432657,,,,
160,Argentina,1978,1601978,3,3000,1.5,1.5,0,0,0,0,1,-9,-9,2.44,0,0,0,0,0,0,2,4,4,6,11,18,17,28,2,7,0,0,0,1,1,1,1,1,1,2.74E+07,17.13,17.11,0,,2,0.69,0,0,,5,0,0,0,3,3,1728000,6.3294816,2.1276596,0.83432657,4,20,
160,Argentina,1979,1601979,4,1500,1,1.5,0,0,0,0,1,-9,-9,2.2,0,0,0,0,0,0,2,4,4,6,13,24,18,31,2,11,0,1,1,1,1,2,0,0,0,2.79E+07,17.14,17.13,0,,0,,1,0,,4.5,0,0,0,2,3,1797000,6.480327,3.9930556,2.1276596,6,28,1
160,Argentina,1980,1601980,5,1500,1,1,0,0,0,0,1,-9,-9,2.12,0,0,0,0,0,0,1,3,4,5,13,26,24,37,2,13,0,3,2,3,1,3,0,1,1,2.84E+07,17.16,17.14,0,,0,,1,1,,4.5,0,0,2,2,2,1879000,6.6740537,4.563161,3.9930556,6,31,1.5
160,Argentina,1981,1601981,6,0,0,1,0,0,0,0,1,-8,-9,2.09,,,,0,0,0,0,1,3,3,8,21,26,34,1,13,0,2,1,3,3,4,0,3,2,2.88E+07,17.18,17.16,0,,0,,1,1,1,4,1,0,2,0,2,2199000,7.6969814,17.030334,4.563161,5,37,2
346,Bosnia-Herz,1992,3461992,1,96000,4,0,1,0,0,0,0,0,,146.99,0,2,2,0,0,1,1,,,,6,,,,,,0,0,0,,,,,,,4256013,15.26,15.31,0,,0,,0,,,5,0,0,,8,0,600000,15.261754,,,,,
346,Bosnia-Herz,1993,3461993,2,96000,4,4,1,1,0,0,0,0,0,92.71,0,2,2,2,0,2,1,2,,,10,16,,,1,6,1,0,1,1,,,0,0,0,3955016,15.19,15.26,0,,0,,1,0,,5,0,0,0,8,8,600000,16.31581,0,,,,
346,Bosnia-Herz,1994,3461994,3,12000,2.5,4,1,1,0,0,0,0,0,135.99,1,2,2,2,0,2,4,5,2,6,12,22,16,28,1,10,0,1,1,2,1,2,0,1,0,3784983,15.15,15.19,0,,0,,0,1,,5,0,0,4,5,8,250000,7.221113,-58.333332,0,,,
346,Bosnia-Herz,1995,3461995,4,24000,3,2.5,1,1,0,0,0,0,0,112.35,1,2,3,2,1,2,6,10,5,11,12,24,22,34,4,12,4,0,2,3,2,4,1,1,1,3708960,15.13,15.15,0,,0,,0,0,,5,0,0,0,6,5,237843,7.1378818,-4.8628,-58.333332,6,28,1
346,Bosnia-Herz,1996,3461996,5,0,0,3,0,1,0,0,0,0,0,55.06,,,,2,1,2,5,11,10,15,15,27,24,39,6,12,1,1,1,3,3,4,0,2,1,3608495,15.1,15.13,127.6,4.85,0,,0,0,,3,0,0,0,0,6,272250,8.235869,14.466266,-4.8628,11,34,3
347,Yugoslavia,1998,3471998,1,1500,1,0,1,0,0,0,0,-6,-6,4.86,0,0,1,0,0,1,14,17,11,17,21,32,27,44,3,11,4,6,5,6,0,6,1,1,1,7675298,15.85,15.86,0,,0,,,,0,4.5,0,0,,2,0,,,,,5,39,3
347,Yugoslavia,1999,3471999,2,12000,2.5,1,1,1,0,0,0,-6,-6,6.23,0,1,3,0,0,1,23,37,17,40,24,45,32,56,14,21,6,17,12,17,6,17,4,6,5,7677153,15.85,15.85,42.8,3.76,0,,,,0,5,0,0,,5,2,,,,,17,44,6
347,Yugoslavia,2000,3472000,3,0,0,2.5,0,1,0,0,0,-6,-6,9.72,0,0,2,0,1,3,12,35,37,49,20,44,45,65,23,24,1,8,5,17,17,22,6,17,12,7604335,15.84,15.85,39.9,3.69,42.8,3.76,0,,1,4,0,0,,0,5,,,,,40,56,17
411,Equatorial Guinea,1969,4111969,1,6000,2,0,1,0,1,0,1,-7,2,1287.5,0,1,0,0,0,0,,,,,,,,,,,,,,,,,,,,266898,12.49,12.48,0,,0,,,,,,0,0,,4,0,,,,,,,
411,Equatorial Guinea,1970,4111970,2,6000,2,2,0,1,0,1,1,-7,-7,121.57,0,0,0,0,1,0,,,,,,,,,,,,,,,,,,,,270435,12.51,12.49,0,,0,,,,,,0,0,,4,4,,,,,,,
411,Equatorial Guinea,1971,4111971,3,3000,1.5,2,0,0,0,0,1,-7,-7,130.6,0,0,0,0,0,0,,,,,,,,,,,,,,,,,,,,273999,12.52,12.51,0,,0,,,,,,0,0,,3,4,,,,,,,
411,Equatorial Guinea,1972,4111972,4,650,0.5,1.5,0,0,0,0,1,-7,-7,149.81,0,1,0,0,0,0,,,,,,,,,,,,,,,,,,,,277603,12.53,12.52,0,,0,,,,,,0,0,,1,3,,,,,,,
411,Equatorial Guinea,1973,4111973,5,650,0.5,0.5,0,0,0,0,1,-7,-7,201.44,0,0,0,0,1,0,,,,,,,,,,,,,,,,,,,,271301,12.51,12.53,0,,0,,,,,,0,0,,1,1,,,,,,,
411,Equatorial Guinea,1974,4111974,6,1500,1,0.5,0,0,0,0,1,-7,-7,288.13,0,0,0,0,0,0,,,,,,,,,,,,,,,,,,,,249952,12.43,12.51,0,,0,,,,,,0,0,,2,1,,,,,,,
411,Equatorial Guinea,1975,4111975,7,3000,1.5,1,0,0,0,0,1,-7,-7,321.42,0,0,0,0,0,0,0,,,,0,,,,0,0,0,0,0,,,,,,,213292,12.27,12.43,0,,0,,,,,,0,0,,3,2,,,,,,,
411,Equatorial Guinea,1976,4111976,8,6000,2,1.5,0,0,0,0,1,-7,-7,388.58,0,0,0,0,0,0,0,0,,,0,0,,,0,0,0,1,1,1,,,0,0,0,190808,12.16,12.27,0,,0,,1,,,3,0,0,,4,3,,,,,,,
411,Equatorial Guinea,1977,4111977,9,1500,1,2,0,0,0,0,1,-7,-7,438.88,0,0,0,0,0,0,0,0,0,0,0,0,0,0,0,0,0,1,1,2,1,2,0,1,1,192675,12.17,12.16,0,,0,,1,1,,5,0,0,2,2,4,,,,,,,
411,Equatorial Guinea,1978,4111978,10,1500,1,1,0,0,0,0,1,-7,-7,505.36,0,0,0,0,0,0,1,1,0,1,1,1,0,1,0,0,0,0,0,1,2,2,0,1,1,194597,12.18,12.17,0,,0,,1,1,,3,0,0,2,2,2,,,,,0,0,1
411,Equatorial Guinea,1979,4111979,11,1500,1,1,0,0,1,0,1,-7,-7,638.73,1,0,0,0,0,0,1,2,1,2,1,2,1,2,1,1,0,0,0,0,1,1,0,0,0,221299,12.31,12.18,0,,0,,1,1,,2,1,0,2,2,2,,,,,1,1,1
411,Equatorial Guinea,1980,4111980,12,0,0,1,0,0,0,1,1,-7,-7,781.85,,,,1,0,0,0,1,2,2,0,1,2,2,1,1,0,0,0,0,0,0,0,0,0,256009,12.45,12.31,0,,0,,1,1,,,0,1,4,0,2,,,,,2,2,0.5
475,Nigeria,1967,4751967,1,96000,4,0,1,1,0,2,1,-7,-7,3.11,1,0,0,0,0,0,,,,,,,,,,,,,,,,,,,,5.09E+07,17.75,16.7,1,0,1.7,0.53,,,,,0,2,,8,0,,,,,,,
475,Nigeria,1968,4751968,2,512000,5,4,1,1,0,0,1,-7,-7,3.98,1,0,0,1,0,0,,,,,,,,,,,,,,,,,,,,5.24E+07,17.78,17.75,0.1,-2.3,1,0,,,,,0,0,,10,8,,,,,,,
475,Nigeria,1969,4751969,3,512000,5,5,1,1,0,0,1,-7,-7,3.24,1,0,0,1,0,0,,,,,,,,,,,,,,,,,,,,5.40E+07,17.8,17.78,0.1,-2.3,0.1,-2.3,,,,,0,0,,10,10,,,,,,,
475,Nigeria,1970,4751970,4,12000,2.5,5,1,1,0,0,1,-7,-7,2.62,1,0,0,1,0,0,,,,,,,,,,,,,,,,,,,,5.56E+07,17.83,17.8,0.2,-1.61,0.1,-2.3,,,,,0,0,,5,10,,,,,,,
475,Nigeria,1971,4751971,5,0,0,2.5,1,1,0,0,1,-7,-7,2.01,,,,1,0,0,,,,,,,,,,,,,,,,,,,,5.72E+07,17.86,17.83,0.8,-0.22,0.2,-1.61,,,,,0,0,,0,5,,,,,,,
490,Zaire/Congo,1964,4901964,1,6000,2,0,1,1,0,0,1,-6,-3,5.61,4,0,0,0,0,1,,,,,,,,,,,,,,,,,,,,1.84E+07,16.73,16.71,46,3.83,12,2.48,,,,,0,0,,4,0,,,,,,,
490,Zaire/Congo,1965,4901965,2,150,0,2,1,1,0,0,1,-9,-6,5.94,1,1,0,4,0,0,,,,,,,,,,,,,,,,,,,,1.89E+07,16.75,16.73,33.2,3.5,46,3.83,,,,,1,0,,0,4,,,,,,,
490,Zaire/Congo,1966,4901966,3,0,0,0,1,1,0,0,1,-9,-9,5.3,,,,1,1,0,,,,,,,,,,,,,,,,,,,,1.93E+07,16.78,16.75,19.1,2.95,33.2,3.5,,,,,0,1,,0,0,,,,,,,
490,Zaire/Congo,1977,4901977,1,1500,1,0,1,0,0,0,1,-9,-9,13.49,5,0,0,0,1,0,0,0,0,0,0,0,0,0,0,0,0,0,0,0,0,0,0,0,0,2.65E+07,17.09,17.06,85.9,4.45,59,4.08,0,0,,3,0,0,0,2,0,,,,,0,0,
490,Zaire/Congo,1978,4901978,2,12000,2.5,1,1,1,0,0,1,-9,-9,16.52,8,0,0,5,0,0,0,0,0,0,0,0,0,0,0,0,0,0,0,0,0,0,0,0,0,2.73E+07,17.12,17.09,51.6,3.94,85.9,4.45,0,0,,3.5,0,0,0,5,2,,,,,0,0,0
490,Zaire/Congo,1979,4901979,3,650,0.5,2.5,0,1,0,0,1,-9,-9,15.21,5,0,0,8,0,0,0,0,0,0,2,2,0,2,0,0,0,0,0,0,0,0,0,0,0,2.82E+07,17.15,17.12,24,3.18,51.6,3.94,0,0,,3,0,0,0,1,5,,,,,0,0,0
490,Zaire/Congo,1980,4901980,4,0,0,0.5,0,0,0,0,1,-9,-9,15.93,,,,5,0,0,4,4,0,4,17,19,2,19,0,2,0,0,0,0,0,0,0,0,0,2.90E+07,17.18,17.15,15.4,2.73,24,3.18,0,0,,3.5,0,0,0,0,1,,,,,0,2,0
500,Uganda,1971,5001971,1,24000,3,0,0,0,1,0,1,-7,-7,24.22,0,1,0,0,1,0,,,,,,,,,,,,,,,,,,,,1.00E+07,16.12,16.09,0,,0,,,,,,1,0,,6,0,,,,,,,
500,Uganda,1972,5001972,2,24000,3,3,0,0,0,1,1,-7,-7,41.49,1,0,0,0,2,0,,,,,,,,,,,,,,,,,,,,1.02E+07,16.14,16.12,0,,0,,,,,,0,1,,6,6,,,,,,,
500,Uganda,1973,5001973,3,24000,3,3,0,0,0,0,1,-7,-7,57.04,0,0,0,1,0,0,,,,,,,,,,,,,,,,,,,,1.04E+07,16.16,16.14,0,,0,,,,,,0,0,,6,6,,,,,,,
500,Uganda,1974,5001974,4,24000,3,3,0,0,1,0,1,-7,-7,66.75,0,0,0,0,0,0,,,,,,,,,,,,,,,,,,,,1.07E+07,16.18,16.16,0,,0,,,,,,0,0,,6,6,,,,,,,
500,Uganda,1975,5001975,5,24000,3,3,0,0,1,1,1,-7,-7,74.53,0,0,0,0,0,0,0,,,,0,,,,,,0,0,0,,,,,,,1.10E+07,16.21,16.18,0,,0,,,,,,0,0,,6,6,20100,0.18451476,,,,,
500,Uganda,1976,5001976,6,24000,3,3,0,0,0,1,1,-7,-7,91.67,1,0,0,0,0,0,0,0,,,0,0,,,0,0,0,1,1,1,,,0,0,0,1.12E+07,16.24,16.21,0,,0,,0,,,5,0,0,,6,6,20000,0.17829949,-0.49751243,,,,
500,Uganda,1977,5001977,7,24000,3,3,0,0,0,0,1,-7,-7,70.28,0,0,0,0,1,0,1,1,0,1,1,1,0,1,0,0,2,2,2,3,1,3,0,1,1,1.15E+07,16.26,16.24,0,,0,,1,0,,5,0,0,0,6,6,21000,0.18170696,5,-0.49751243,,,
500,Uganda,1978,5001978,8,24000,3,3,0,0,0,0,1,-7,-7,42.08,0,1,0,0,0,0,0,1,1,1,1,2,1,2,1,1,0,1,1,3,3,4,2,2,2,1.19E+07,16.29,16.26,0,,0,,1,1,,5,0,0,2,6,6,22600,0.18972766,7.6190476,5,1,1,2.5
500,Uganda,1979,5001979,9,24000,3,3,0,0,0,0,1,0,-7,50.41,1,1,0,0,1,0,0,0,1,1,0,1,2,2,0,1,0,0,0,1,3,3,0,1,1,1.21E+07,16.31,16.29,0,,0,,1,1,,3,0,0,2,6,6,20700,0.168589,-8.40708,7.6190476,1,2,3
500,Uganda,1980,5001980,1,24000,3,3,1,0,1,0,1,3,0,61.63,1,0,0,1,1,0,1,1,0,1,1,1,1,2,0,0,0,0,0,0,1,1,0,0,0,1.24E+07,16.33,16.31,0,,0,,1,1,,4,1,0,2,6,6,19600,0.15487465,-5.3140097,-8.40708,1,2,2.5
500,Uganda,1981,5001981,2,24000,3,3,1,1,0,1,1,3,3,66.13,1,0,0,1,0,0,0,1,1,1,0,1,1,1,1,1,0,0,0,0,0,0,0,0,0,1.27E+07,16.36,16.33,0.1,-2.3,0,,0,1,0,4.5,0,1,2,6,6,20480,0.15703824,4.4897957,-5.3140097,1,2,0.5
500,Uganda,1982,5001982,3,48000,3.5,3,1,1,0,0,1,3,3,49.73,0,0,0,1,0,0,1,1,1,2,5,5,1,6,0,0,0,0,0,0,0,0,0,0,0,1.31E+07,16.39,16.36,0.1,-2.3,0.1,-2.3,0,0,0,4.5,0,0,0,7,6,22962,0.1708555,12.119141,4.4897957,1,1,0
500,Uganda,1983,5001983,4,48000,3.5,3.5,1,1,0,0,1,3,3,46.85,0,0,0,0,0,0,0,1,1,1,2,7,5,7,1,5,0,0,0,0,0,0,0,0,0,1.35E+07,16.42,16.39,0.1,-2.3,0.1,-2.3,0,0,0,5,0,0,0,7,7,24067,0.17367223,4.812299,12.119141,2,6,0
500,Uganda,1984,5001984,5,48000,3.5,3.5,1,1,0,0,1,3,3,50.31,0,0,0,0,0,0,0,0,1,1,6,8,7,13,0,2,0,1,1,1,0,1,0,0,0,1.39E+07,16.45,16.42,0.1,-2.3,0.1,-2.3,0,0,0,4,0,0,0,7,7,20970,0.14656888,-12.868243,4.812299,1,7,0
500,Uganda,1985,5001985,6,24000,3,3.5,1,1,1,0,1,0,3,52.67,0,0,0,0,0,0,1,1,0,1,11,17,8,19,0,6,0,2,1,2,1,2,0,1,1,1.44E+07,16.48,16.45,0,,0.1,-2.3,0,0,,5,1,0,0,6,7,25580,0.1728912,21.983786,-12.868243,1,13,0.5
500,Uganda,1986,5001986,7,24000,3,3,1,1,3,1,1,-7,0,55.56,0,0,0,0,0,0,0,1,1,1,0,11,17,17,1,11,0,0,0,1,2,2,0,2,1,1.49E+07,16.52,16.48,0,,0,,0,0,2,4,1,1,0,6,6,25830,0.16854143,0.97732604,21.983786,1,19,1.5
500,Uganda,1987,5001987,8,0,0,3,1,1,1,3,1,-7,-7,41.44,,,,0,0,0,1,1,1,2,6,6,11,17,0,0,0,0,0,0,1,1,0,0,0,1.55E+07,16.56,16.52,0.2,-1.61,0,,0,0,2,4,0,1,0,0,6,26000,0.16358283,0.6581494,0.97732604,1,17,1.5
516,Burundi,1965,5161965,1,6000,2,0,1,1,1,0,1,-5,-3,111.81,0,0,0,0,0,0,,,,,,,,,,,,,,,,,,,,3170653,14.97,14.94,0,,0,,,,,,0,0,,4,0,1400,0.043574803,,,,,
516,Burundi,1966,5161966,2,150,0,2,1,1,2,1,1,-7,-5,117.01,0,0,0,0,0,0,,,,,,,,,,,,,,,,,,,,3253610,15,14.97,0,,0,,,,,,2,0,,0,4,,,,,,,
516,Burundi,1967,5161967,3,650,0.5,0,0,1,0,2,1,-7,-7,113.15,0,0,0,0,0,0,,,,,,,,,,,,,,,,,,,,3330989,15.02,15,0,,0,,,,,,0,2,,1,0,,,,,,,
516,Burundi,1968,5161968,4,150,0,0.5,0,0,0,0,1,-7,-7,119.69,0,0,0,0,0,0,,,,,,,,,,,,,,,,,,,,3400775,15.04,15.02,0,,0,,,,,,0,0,,0,1,,,,,,,
516,Burundi,1969,5161969,5,1500,1,0,0,0,0,0,1,-7,-7,154.33,0,0,0,0,0,0,,,,,,,,,,,,,,,,,,,,3460144,15.06,15.04,0,,0,,,,,,0,0,,2,0,,,,,,,
516,Burundi,1970,5161970,6,650,0.5,1,0,0,0,0,1,-7,-7,128.83,0,0,0,0,0,0,,,,,,,,,,,,,,,,,,,,3521913,15.07,15.06,0,,0,,,,,,0,0,,1,2,2000,0.056923296,,,,,
516,Burundi,1971,5161971,7,650,0.5,0.5,0,0,0,0,1,-7,-7,137.91,0,0,0,0,0,0,,,,,,,,,,,,,,,,,,,,3596811,15.1,15.07,0,,0,,,,,,0,0,,1,1,,,,,,,
516,Burundi,1972,5161972,8,96000,4,0.5,1,0,1,0,1,-7,-7,137.14,0,0,0,0,0,0,,,,,,,,,,,,,,,,,,,,3529983,15.08,15.1,0,,0,,,,,,0,0,,8,1,,,,,,,
516,Burundi,1973,5161973,9,24000,3,4,0,1,0,1,1,-7,-7,179.3,0,0,0,0,0,0,,,,,,,,,,,,,,,,,,,,3540066,15.08,15.08,0,,0,,,,,,0,0,,6,8,,,,,,,
516,Burundi,1974,5161974,10,0,0,3,0,0,0,0,1,-7,-7,217.78,,,,0,0,0,,,,,,,,,,,,,,,,,,,,3594958,15.1,15.08,0,,0,,,,,,0,0,,0,6,,,,,,,
516,Burundi,1988,5161988,1,12000,2.5,0,1,0,0,1,1,-7,-7,164.24,0,0,0,0,0,0,0,0,0,0,1,7,3,10,0,5,0,0,0,0,0,0,0,0,0,5278835,15.48,15.45,0.2,-1.61,0.2,-1.61,0,0,3,4,0,1,0,5,0,7346,0.13639212,3.362882,,0,11,0
516,Burundi,1989,5161989,2,0,0,2.5,1,1,0,0,1,-7,-7,226.63,,,,0,0,0,0,0,0,0,3,4,7,10,0,1,0,0,0,0,0,0,0,0,0,5404366,15.5,15.48,0.2,-1.61,0.2,-1.61,0,0,5,2,0,0,0,0,5,7666,0.13835283,4.356112,3.362882,0,10,0
516,Burundi,1993,5161993,1,48000,3.5,0,1,1,2,1,0,0,-3,289.95,0,0,0,0,0,0,0,0,0,0,9,12,4,13,1,7,0,0,0,0,0,0,0,0,0,5685429,15.55,15.58,0.5,-0.69,0.3,-1.2,1,0,,5,1,0,0,7,0,15550,0.25853154,20.65487,4.356112,0,10,0
516,Burundi,1994,5161994,2,0,0,3.5,1,1,1,2,0,0,0,243.39,,,,0,0,0,16,16,0,16,9,18,12,21,0,9,0,0,0,0,0,0,0,0,0,5749682,15.56,15.55,0,,0.5,-0.69,1,1,,5,1,1,4,0,7,15788,0.2589328,1.5305467,20.65487,0,13,0
517,Rwanda,1963,5171963,1,12000,2.5,0,1,0,0,0,1,-5,-5,71.39,0,0,0,0,0,0,,,,,,,,,,,,,,,,,,,,3129004,14.96,14.93,0,,0,,,,,,0,0,,5,0,,,,,,,
517,Rwanda,1964,5171964,2,150,0,2.5,1,1,0,0,1,-5,-5,69.16,0,0,0,0,0,0,,,,,,,,,,,,,,,,,,,,3183993,14.97,14.96,0,,0,,,,,,0,0,,0,5,,,,,,,
517,Rwanda,1965,5171965,3,0,0,0,1,1,0,0,1,-5,-5,50.65,,,,0,0,0,,,,,,,,,,,,,,,,,,,,3264640,15,14.97,0,,0,,,,,,0,0,,0,0,,,,,,,
517,Rwanda,1994,5171994,1,512000,5,0,1,1,0,0,0,-6,-6,292.4,0,0,3,1,0,1,14,14,0,14,7,10,4,14,0,3,5,0,3,3,0,3,0,0,0,6505533,15.69,15.84,99.4,4.6,0.9,-0.11,1,1,0,5,1,0,2,10,0,10000,0.18032213,-9.090909,,0,16,0
517,Rwanda,1995,5171995,2,0,0,5,1,1,0,0,0,-6,-6,303.38,,,,0,0,3,14,28,14,28,11,18,10,21,14,7,3,0,2,5,3,5,5,0,3,5472977,15.52,15.69,0.5,-0.69,99.4,4.6,1,1,0,5,0,1,4,0,10,6900,0.12682796,-31,-9.090909,14,14,2.5
520,Somalia,1988,5201988,1,24000,3,0,1,0,1,0,1,-7,-7,126.23,0,0,0,0,0,0,3,3,28,3,18,21,18,25,0,3,0,0,0,0,0,0,0,0,0,6918288,15.75,15.75,10.3,2.33,13.4,2.6,1,0,0,4.5,0,0,0,6,0,15000,0.23071152,0,0,0,16,0
520,Somalia,1989,5201989,2,3000,1.5,3,1,1,0,0,1,-7,-7,112.09,0,0,0,0,0,0,1,4,3,4,11,29,21,32,3,18,1,0,1,1,0,1,0,0,0,6766331,15.73,15.75,1.4,0.34,10.3,2.33,1,1,0,5,0,0,2,3,6,15000,0.22841121,0,0,3,25,0
520,Somalia,1990,5201990,3,1500,1,1.5,1,1,0,0,0,-7,-7,125.59,0,0,0,0,0,0,1,2,4,5,11,22,29,40,1,11,0,0,0,1,1,1,1,0,1,6692038,15.72,15.73,0,,1.4,0.34,1,1,3,5,0,0,2,2,3,15000,0.227411,0,-8.40708,4,32,1
520,Somalia,1991,5201991,4,650,0.5,1,1,1,0,0,0,0,-7,256.36,0,0,0,0,0,0,0,1,2,2,5,16,22,27,1,11,0,0,0,0,1,1,0,0,0,6464481,15.68,15.72,0,,0,,1,1,,5,1,0,2,1,2,15000,0.22790582,0,0,5,40,0.5
520,Somalia,1992,5201992,5,0,0,0.5,1,1,0,0,0,0,0,238.27,,,,0,0,0,1,1,1,2,1,6,16,17,0,5,0,1,1,1,0,1,0,0,0,6116213,15.63,15.68,0,,0,,1,1,,5,0,1,2,0,1,15000,0.22936411,0,0,2,27,0.5
530,Ethiopia,1976,5301976,1,1500,1,0,1,1,0,0,1,-7,-7,29.9,0,0,0,0,0,0,0,0,,,0,0,,,0,0,0,0,0,0,,,0,0,0,3.38E+07,17.34,17.31,18.8,2.93,123.6,4.82,0,,,4.5,0,0,,2,0,52100,0.1556554,15.13812,,,,
530,Ethiopia,1977,5301977,2,3000,1.5,1,1,1,2,0,1,-7,-7,31.48,0,0,0,0,0,0,1,1,0,1,6,6,0,6,0,0,0,1,1,1,0,1,0,0,0,3.46E+07,17.36,17.34,7.7,2.04,18.8,2.93,1,0,,4.5,1,0,0,3,2,57190,0.16876034,9.769673,-8.40708,,,
530,Ethiopia,1978,5301978,3,6000,2,1.5,1,1,0,2,1,-7,-7,32.87,0,0,0,0,0,0,2,3,1,3,3,9,6,9,1,6,0,0,0,1,1,1,0,1,1,3.52E+07,17.38,17.36,0,,7.7,2.04,1,1,,5,0,1,2,4,3,59326,0.17307204,3.7349186,9.769673,1,6,1
530,Ethiopia,1979,5301979,4,3000,1.5,2,1,1,0,0,1,-7,-7,32.36,0,0,0,0,0,0,0,2,3,3,1,4,9,10,2,3,0,0,0,0,1,1,0,0,0,3.57E+07,17.39,17.38,0,,0,,1,1,,4,0,0,2,3,4,61165,0.17597853,3.0998213,3.7349186,3,9,0.5
530,Ethiopia,1980,5301980,5,0,0,1.5,1,1,0,0,1,-7,-7,34.47,,,,0,0,0,1,1,2,3,2,3,4,6,0,1,0,0,0,0,0,0,0,0,0,3.60E+07,17.4,17.39,0,,0,,1,1,,4.5,0,0,2,0,3,64065,0.18093053,4.7412734,3.0998213,3,10,0.5
540,Angola,1975,5401975,1,6000,2,0,1,0,0,1,1,-7,,11.68,0,0,0,0,0,0,0,,,,0,,,,0,0,0,0,0,,,,,,,5885455,15.59,15.61,0,,0,,,,,,0,0,,4,0,18000,0.26412058,,,,,
540,Angola,1976,5401976,2,12000,2.5,2,1,1,0,0,1,-7,-7,11.99,0,0,0,3,2,0,0,0,,,0,0,,,0,0,0,0,0,0,,,0,0,0,5943466,15.6,15.59,0,,0,,,,,3,0,0,,5,4,19000,0.2717431,5.5555553,,,,
540,Angola,1977,5401977,3,12000,2.5,2.5,1,1,1,0,1,-7,-7,12.56,0,0,0,3,2,0,0,0,0,0,0,0,0,0,0,0,0,0,0,0,0,0,0,0,0,6163714,15.63,15.6,0,,0,,0,0,,,0,0,0,5,5,20000,0.27855507,5.263158,5.5555553,,,
540,Angola,1978,5401978,4,12000,2.5,2.5,1,1,0,1,1,-7,-7,13.5,0,0,0,2,1,0,0,0,0,0,0,0,0,0,0,0,0,0,0,0,0,0,0,0,0,6287180,15.65,15.63,0,,0,,0,0,,3,0,0,0,5,5,25000,0.33860782,25,5.263158,0,0,0
540,Angola,1979,5401979,5,12000,2.5,2.5,1,1,0,0,1,-7,-7,14.47,0,0,0,2,1,0,0,0,0,0,0,0,0,0,0,0,0,0,0,0,0,0,0,0,0,6452546,15.68,15.65,0,,0,,0,0,,2.5,0,0,0,5,5,30000,0.39437836,20,25,0,0,0
540,Angola,1980,5401980,6,12000,2.5,2.5,1,1,0,0,1,-7,-7,12.25,0,0,0,2,1,0,1,1,0,1,1,1,0,1,0,0,0,0,0,0,0,0,0,0,0,6743080,15.72,15.68,0,,0,,0,0,,3,0,0,0,5,5,36000,0.45836493,20,20,0,0,0
540,Angola,1981,5401981,7,12000,2.5,2.5,1,1,0,0,1,-7,-7,11.06,0,0,0,2,1,0,0,1,1,1,1,2,1,2,1,1,0,0,0,0,0,0,0,0,0,6879574,15.74,15.72,0,,0,,0,0,5,3,0,0,0,5,5,36700,0.451515,1.9444444,20,1,1,0
540,Angola,1982,5401982,8,12000,2.5,2.5,1,1,0,0,1,-7,-7,14.36,0,0,0,2,1,0,0,0,1,1,0,1,2,2,0,1,0,0,0,0,0,0,0,0,0,7018526,15.76,15.74,0,,0,,0,0,2,3,0,0,0,5,5,49280,0.58482844,34.277927,1.9444444,1,2,0
540,Angola,1983,5401983,9,24000,3,2.5,1,1,0,0,1,-7,-7,14.01,0,0,0,2,1,0,0,0,0,0,4,4,1,5,0,0,0,0,0,0,0,0,0,0,0,7240535,15.8,15.76,0,,0,,0,0,2,4,0,0,0,6,5,45890,0.5252665,-6.8790584,34.277927,1,2,0
540,Angola,1984,5401984,10,24000,3,3,1,1,0,0,1,-7,-7,13.31,0,0,0,2,1,0,0,0,0,0,3,7,4,7,0,4,0,0,0,0,0,0,0,0,0,7442448,15.82,15.8,0,,0,,0,0,3,3,0,0,0,6,6,46000,0.5087442,0.23970364,-6.8790584,0,5,0
540,Angola,1985,5401985,11,24000,3,3,1,1,0,0,1,-7,-7,12.87,0,0,0,2,1,0,0,0,0,0,2,5,7,9,0,3,0,0,0,0,0,0,0,0,0,7584709,15.84,15.82,0,,0,,0,0,5,4,0,0,0,6,6,47350,0.50743467,2.9347825,0.23970364,0,7,0
540,Angola,1986,5401986,12,24000,3,3,1,1,0,0,1,-7,-7,21.09,0,0,0,2,1,0,0,0,0,0,2,4,5,7,0,2,0,0,0,0,0,0,0,0,0,7748632,15.86,15.84,0,,0,,0,0,4,4.5,0,0,0,6,6,48090,0.50103766,1.56283,2.9347825,0,9,0
540,Angola,1987,5401987,13,48000,3.5,3,1,1,0,0,1,-7,-7,18.5,0,0,0,2,1,0,0,0,0,0,0,2,4,4,0,2,0,0,0,0,0,0,0,0,0,7878396,15.88,15.86,0,,0,,0,0,3,4.5,0,0,0,7,6,62000,0.6295937,28.924932,1.56283,0,7,0
540,Angola,1988,5401988,14,48000,3.5,3.5,1,1,0,0,1,-7,-7,15.75,0,0,0,2,1,0,0,0,0,0,2,2,2,4,0,0,0,0,0,0,0,0,0,0,0,8023390,15.9,15.88,0,,0,,0,0,4,4,0,0,0,7,7,65000,0.64389515,4.83871,28.924932,0,4,0
540,Angola,1989,5401989,15,48000,3.5,3.5,1,1,0,0,1,-7,-7,14.4,0,0,0,2,1,0,0,0,0,0,2,4,2,4,0,2,0,0,0,0,0,0,0,0,0,8153844,15.91,15.9,0,,0,,0,0,1,4,0,0,0,7,7,67000,0.6466455,3.0769231,4.83871,0,4,0
540,Angola,1990,5401990,16,48000,3.5,3.5,1,1,0,0,0,-7,-7,12.42,0,0,0,1,0,1,0,0,0,0,0,2,4,4,0,2,0,0,0,0,0,0,0,0,0,8296606,15.93,15.91,0,,0,,0,0,3,4,0,0,0,7,7,70000,0.6565705,4.477612,3.0769231,0,4,0
540,Angola,1991,5401991,17,24000,3,3.5,1,1,0,0,0,-3,-7,14.89,0,0,1,0,0,1,0,0,0,0,3,3,2,5,0,0,0,0,0,0,0,0,0,0,0,8496810,15.96,15.93,0,,0,,0,0,1,3,0,0,0,6,7,72000,0.6543786,2.857143,4.477612,0,4,0
540,Angola,1992,5401992,18,48000,3.5,3,1,1,0,0,0,0,-3,13.22,0,0,1,0,0,1,0,0,0,0,7,10,3,10,0,3,0,0,0,0,0,0,0,0,0,8741838,15.98,15.96,0,,0,,0,0,,4.5,0,0,0,7,6,48900,0.42975283,-32.083332,2.857143,0,5,0
540,Angola,1993,5401993,19,48000,3.5,3.5,1,1,0,0,0,-2,0,17.21,0,0,1,0,0,1,0,0,0,0,2,9,10,12,0,7,0,0,0,0,0,0,0,0,0,8966258,16.01,15.98,0,,0,,1,0,2,5,0,0,0,7,7,53300,0.4527062,8.997955,-32.083332,0,10,0
540,Angola,1994,5401994,20,48000,3.5,3.5,1,1,0,0,0,-4,-2,18.49,0,0,1,0,0,1,1,1,0,1,2,4,9,11,0,2,0,0,0,0,0,0,0,0,0,9172280,16.03,16.01,0,,0,,0,1,2,5,0,0,4,7,7,53020,0.43582064,-0.52532834,8.997955,0,12,0
540,Angola,1995,5401995,21,0,0,3.5,1,1,0,0,0,-6,-4,18.31,1,0,2,0,0,1,0,1,1,1,0,2,4,4,1,2,0,0,0,0,0,0,0,0,0,9419124,16.06,16.03,0,,0,,0,0,1,4.5,0,0,0,0,7,52740,0.4206033,-0.5281026,-0.52532834,1,11,0
540,Angola,1998,5401998,1,24000,3,0,1,1,0,0,0,-3,-3,1.91,1,0,1,1,0,1,4,4,1,5,1,1,2,3,1,2,0,0,0,0,0,0,0,0,0,1.00E+07,16.12,16.1,0,,0.2,-1.61,0,0,1,5,0,0,0,6,0,65100,0.48053497,4.529617,,1,4,0
540,Angola,1999,5401999,2,24000,3,3,1,1,0,0,0,-3,-3,1.73,1,0,1,1,0,1,4,8,4,8,4,5,1,5,4,1,0,0,0,0,0,0,0,0,0,1.02E+07,16.14,16.12,0,,0,,0,0,2,5,0,0,0,6,6,67200,0.48359868,3.2258065,4.529617,5,3,0
540,Angola,2000,5402000,3,24000,3,3,1,1,0,0,0,-3,-3,1.36,1,0,0,1,0,1,2,6,8,10,2,6,5,7,4,4,0,0,0,0,0,0,0,0,0,1.04E+07,16.16,16.14,0,,0,,0,0,1,4.5,0,0,0,6,6,64900,0.45449713,-3.422619,3.2258065,8,5,0
540,Angola,2001,5402001,4,24000,3,3,1,1,0,0,0,-3,-3,1.3,1,0,0,1,0,0,0,2,6,6,2,4,6,8,2,2,0,0,0,0,0,0,0,0,0,1.05E+07,16.17,16.16,0,,0,,,0,1,4.5,0,0,0,6,6,76800,0.52229327,18.335901,-3.422619,10,7,0
540,Angola,2002,5402002,5,24000,3,3,1,1,0,0,0,-2,-3,1.28,1,0,0,1,0,0,1,1,2,3,2,4,4,6,0,2,0,0,0,0,0,0,0,0,0,1.08E+07,16.19,16.17,0,,0,,,,2,3.5,0,0,,6,6,80200,0.5288833,4.4270835,18.335901,6,8,0
540,Angola,2003,5402003,6,0,0,3,1,1,0,0,0,-2,-2,1.18,0,0,0,1,0,0,1,2,1,2,1,3,4,5,1,2,0,0,0,0,0,0,0,0,0,1.11E+07,16.22,16.19,0.3,-1.2,0,,,,3,4,0,0,,0,6,85043,0.5435158,6.0386534,4.4270835,3,6,0
615,Algeria,1962,6151962,1,48000,3.5,0,1,0,0,1,1,-8,,4.53,0,0,0,0,0,0,,,,,,,,,,,,,,,,,,,,1.10E+07,16.21,16.38,0,,0,,,,,,0,0,,7,0,,,,,,,
615,Algeria,1963,6151963,2,0,0,3.5,0,1,0,0,1,-8,-8,2.01,,,,0,0,0,,,,,,,,,,,,,,,,,,,,1.13E+07,16.24,16.21,0,,0,,,,,,0,0,,0,7,,,,,,,
625,Sudan,1956,6251956,1,1500,1,0,1,0,0,0,1,8,8,6.11,0,0,0,0,0,0,,,,,,,,,,,,,,,,,,,,9489777,16.07,16.68,0,,0,,,,,,0,0,,2,0,,,,,,,
625,Sudan,1957,6251957,2,6000,2,1,1,1,0,0,1,8,8,6.57,0,0,0,0,0,0,,,,,,,,,,,,,,,,,,,,9753392,16.09,16.07,0,,0,,,,,,0,0,,4,2,,,,,,,
625,Sudan,1958,6251958,3,24000,3,2,1,1,1,0,1,-7,8,6.9,0,0,0,0,0,0,,,,,,,,,,,,,,,,,,,,1.00E+07,16.12,16.09,0,,0,,,,,,1,0,,6,4,,,,,,,
625,Sudan,1959,6251959,4,24000,3,3,1,1,2,1,1,-7,-7,6.15,0,0,0,0,0,0,,,,,,,,,,,,,,,,,,,,1.03E+07,16.15,16.12,0,,0,,,,,,0,1,,6,6,,,,,,,
625,Sudan,1960,6251960,5,24000,3,3,1,1,0,2,1,-7,-7,6.75,0,0,0,0,0,0,,,,,,,,,,,,,,,,,,,,1.06E+07,16.18,16.15,0.1,-2.3,0,,,,,,0,0,,6,6,17339,0.14840917,,,,,
625,Sudan,1961,6251961,6,24000,3,3,1,1,0,0,1,-7,-7,6.2,0,0,0,0,0,0,,,,,,,,,,,,,,,,,,,,1.09E+07,16.2,16.18,0,,0.1,-2.3,,,,,0,0,,6,6,,,,,,,
625,Sudan,1962,6251962,7,24000,3,3,1,1,0,0,1,-7,-7,5.65,0,0,0,0,0,0,,,,,,,,,,,,,,,,,,,,1.12E+07,16.23,16.2,0.2,-1.61,0,,,,,,0,0,,6,6,,,,,,,
625,Sudan,1963,6251963,8,24000,3,3,1,1,0,0,1,-7,-7,5.66,0,0,0,0,0,0,,,,,,,,,,,,,,,,,,,,1.15E+07,16.26,16.23,0.2,-1.61,0.2,-1.61,,,,,0,0,,6,6,,,,,,,
625,Sudan,1964,6251964,9,1500,1,3,1,1,0,0,1,1,-7,6.91,0,0,0,0,0,0,,,,,,,,,,,,,,,,,,,,1.18E+07,16.28,16.26,0.2,-1.61,0.2,-1.61,,,,,1,0,,2,6,,,,,,,
625,Sudan,1965,6251965,10,24000,3,1,1,1,0,0,1,7,1,8.8,0,0,0,0,0,0,,,,,,,,,,,,,,,,,,,,1.21E+07,16.31,16.28,1.7,0.53,0.2,-1.61,,,,,0,1,,6,2,27000,0.20432746,,,,,
625,Sudan,1966,6251966,11,48000,3.5,3,1,1,1,0,1,7,7,9.15,0,0,0,0,0,0,,,,,,,,,,,,,,,,,,,,1.24E+07,16.33,16.31,0.7,-0.36,1.7,0.53,,,,,0,0,,7,6,,,,,,,
625,Sudan,1967,6251967,12,48000,3.5,3.5,1,1,0,0,1,7,7,9.51,0,0,0,0,0,0,,,,,,,,,,,,,,,,,,,,1.27E+07,16.36,16.33,8.2,2.1,0.7,-0.36,,,,,0,0,,7,7,,,,,,,
625,Sudan,1968,6251968,13,48000,3.5,3.5,1,1,0,0,1,7,7,9.18,0,0,0,0,0,0,,,,,,,,,,,,,,,,,,,,1.31E+07,16.38,16.36,0,,8.2,2.1,,,,,0,0,,7,7,,,,,,,
625,Sudan,1969,6251969,14,48000,3.5,3.5,1,1,4,0,1,2,7,10.21,0,0,0,0,0,0,,,,,,,,,,,,,,,,,,,,1.34E+07,16.41,16.38,0,,0,,,,,,1,0,,7,7,,,,,,,
625,Sudan,1970,6251970,15,48000,3.5,3.5,1,1,2,4,1,-3,2,10.27,2,0,0,0,0,0,,,,,,,,,,,,,,,,,,,,1.38E+07,16.44,16.41,0,,0,,,,,,0,1,,7,7,33300,0.22142735,,,,,
625,Sudan,1971,6251971,16,12000,2.5,3.5,1,1,1,2,1,-7,-3,10.12,2,0,0,2,0,0,,,,,,,,,,,,,,,,,,,,1.42E+07,16.47,16.44,0,,0,,,,,,2,0,,5,7,,,,,,,
625,Sudan,1972,6251972,17,12000,2.5,2.5,1,1,0,1,1,-7,-7,11.67,1,0,0,2,0,0,,,,,,,,,,,,,,,,,,,,1.46E+07,16.5,16.47,0,,0,,,,,,0,2,,5,5,,,,,,,
625,Sudan,1973,6251973,18,0,0,2.5,0,1,1,0,1,-7,-7,12.58,,,,1,0,0,,,,,,,,,,,,,,,,,,,,1.51E+07,16.53,16.5,0,-3.69,0,,,,,,0,0,,0,5,,,,,,,
625,Sudan,1983,6251983,1,24000,3,0,1,0,0,1,1,-7,-7,17.76,0,0,0,0,0,0,0,0,0,0,2,3,2,5,0,1,0,0,0,0,0,0,0,0,0,2.18E+07,16.9,16.83,81.5,4.4,81.5,4.4,0,0,4,2.5,0,0,0,6,0,51859,0.22886178,7.408558,,0,0,0
625,Sudan,1984,6251984,2,48000,3.5,3,1,1,1,0,1,-7,-7,21.05,0,0,0,0,0,0,0,0,0,0,8,10,3,11,0,2,0,0,0,0,0,0,0,0,0,2.25E+07,16.93,16.9,82.4,4.41,82.4,4.41,0,0,4,3,0,0,0,7,6,54973,0.23518693,6.0047436,7.408558,0,5,0
625,Sudan,1985,6251985,3,48000,3.5,3.5,1,1,2,1,1,1,-7,32.87,0,0,0,0,0,0,1,1,0,1,8,16,10,18,0,8,0,0,0,0,0,0,0,0,0,2.32E+07,16.96,16.93,79.7,4.38,79.7,4.38,0,0,5,3,1,0,0,7,7,57642,0.23965701,4.8551106,6.0047436,0,11,0
625,Sudan,1986,6251986,4,48000,3.5,3.5,1,1,0,2,1,7,1,31.89,1,0,0,0,0,0,0,1,1,1,2,10,16,18,1,2,0,0,0,0,0,0,0,0,0,2.39E+07,16.99,16.96,28.6,2.89,28.6,3.35,0,0,3,3.5,0,1,0,7,7,58150,0.23558624,0.8813018,4.8551106,1,18,0
625,Sudan,1987,6251987,5,192000,4.5,3.5,1,1,0,0,1,7,7,35.19,0,0,0,1,0,0,0,0,1,1,0,2,10,10,0,2,0,0,0,0,0,0,0,0,0,2.44E+07,17.01,16.99,9.8,1.95,9.8,2.28,0,0,5,4,0,0,0,9,7,58745,0.23240651,1.0232158,0.8813018,1,18,0
625,Sudan,1988,6251988,6,512000,5,4.5,1,1,0,0,1,7,7,35.26,0,0,0,0,0,0,1,1,0,1,2,2,2,4,0,0,0,0,0,0,0,0,0,0,0,2.48E+07,17.03,17.01,1.4,0.64,1.4,0.34,0,0,2,5,0,0,0,10,9,59000,0.22818911,0.4340795,1.0232158,1,10,0
625,Sudan,1989,6251989,7,96000,4,5,1,1,1,0,1,-7,7,30.63,0,0,2,0,0,0,2,3,1,3,11,13,2,13,1,2,0,0,0,0,0,0,0,0,0,2.53E+07,17.05,17.03,1.4,0.64,1.4,0.34,0,0,1,3.5,1,0,0,8,10,60000,0.22681999,1.6949153,0.4340795,1,4,0
625,Sudan,1990,6251990,8,96000,4,4,1,1,2,1,0,-7,-7,40.53,0,0,0,0,0,1,1,3,3,4,18,29,13,31,2,11,0,0,0,0,0,0,0,0,0,2.60E+07,17.08,17.05,0,,0,,1,0,1,4,0,1,0,8,8,62000,0.22885507,3.3333333,1.6949153,3,13,0
625,Sudan,1991,6251991,9,96000,4,4,1,1,2,2,0,-7,-7,43.54,0,0,0,0,0,0,0,1,3,3,13,31,29,42,1,18,0,0,0,0,0,0,0,0,0,2.69E+07,17.11,17.08,0,,0,,1,1,1,4.5,0,0,2,8,8,63600,0.22895898,2.580645,3.3333333,4,31,0
625,Sudan,1992,6251992,10,192000,4.5,4,1,1,2,2,0,-7,-7,54.82,0,0,0,0,0,0,1,1,1,2,11,24,31,42,0,13,0,1,1,1,0,1,0,0,0,2.79E+07,17.14,17.11,0,,0,,1,1,0,5,0,0,2,9,8,64000,0.22452453,0.6289308,2.580645,3,42,0
625,Sudan,1993,6251993,11,192000,4.5,4.5,1,1,0,2,0,-7,-7,50.74,0,0,0,0,0,0,1,2,1,2,6,17,24,30,1,11,2,0,1,2,1,2,0,1,1,2.86E+07,17.17,17.14,0,,0,,1,1,0,5,0,0,4,9,9,64000,0.21869144,0,0.6289308,2,42,0.5
625,Sudan,1994,6251994,12,96000,4,4.5,1,1,0,0,0,-7,-7,54.57,0,0,0,0,0,0,1,2,2,3,7,13,17,24,1,6,0,0,0,1,2,2,2,0,1,2.93E+07,17.19,17.17,0,,0,,1,1,2,5,0,0,4,8,9,64000,0.21299934,0,0,2,30,1.5
625,Sudan,1995,6251995,13,96000,4,4,1,1,0,0,0,-7,-7,57.44,0,1,0,0,0,0,7,8,2,9,11,18,13,24,1,7,2,0,1,1,1,2,0,0,0,3.01E+07,17.22,17.19,0,,0,,1,1,2,4.5,0,0,4,8,8,75000,0.2431807,17.1875,0,3,24,1.5
625,Sudan,1996,6251996,14,96000,4,4,1,1,1,0,0,-7,-7,5.96,0,0,0,0,1,0,2,9,8,10,3,14,18,21,7,11,0,0,0,1,1,1,2,0,1,3.08E+07,17.24,17.22,0,,0,,1,1,0,4.5,0,0,4,8,8,99000,0.31280208,32,17.1875,9,24,2
625,Sudan,1997,6251997,15,96000,4,4,1,1,0,1,0,-7,-7,5.5,0,3,0,0,0,0,0,2,9,9,2,5,14,16,2,3,0,1,1,1,1,2,0,0,0,3.16E+07,17.27,17.24,0,,0,,1,1,0,4.5,0,0,4,8,8,112544,0.3465846,13.680808,32,10,21,1
625,Sudan,1998,6251998,16,192000,4.5,4,1,1,0,0,0,-7,-7,5.09,0,2,0,0,3,0,1,1,2,3,1,3,5,6,0,2,0,0,0,1,1,1,0,1,1,3.25E+07,17.3,17.27,0,,0,,1,1,0,4.5,0,0,4,9,8,162225,0.48718914,44.143623,13.680808,9,16,1.5
625,Sudan,1999,6251999,17,24000,3,4.5,1,1,0,0,0,-7,-7,5.03,0,0,0,0,2,0,1,2,1,2,2,3,3,5,1,1,0,3,2,2,1,3,0,0,0,3.33E+07,17.32,17.3,0,,0,,1,1,0,5,0,0,4,6,9,251420,0.7370445,54.982277,44.143623,3,6,0.5
625,Sudan,2000,6252000,18,12000,2.5,3,1,1,0,0,0,-7,-7,4.08,0,0,0,0,0,0,2,3,2,4,2,4,3,5,1,2,3,0,2,4,2,4,0,3,2,3.42E+07,17.35,17.32,0,,0,,1,1,0,5,0,0,4,5,6,386775,1.1081117,53.836212,54.982277,2,5,2
625,Sudan,2001,6252001,19,12000,2.5,2.5,1,1,0,0,0,-7,-7,3.38,0,0,0,0,0,0,2,4,3,5,1,3,4,5,2,2,0,3,2,4,4,6,3,0,2,3.51E+07,17.37,17.35,0,,0,,,1,0,5,0,0,4,5,5,448000,1.2560596,15.829617,53.836212,4,5,3
625,Sudan,2002,6252002,20,12000,2.5,2.5,1,1,0,0,0,-7,-7,3.23,0,0,0,0,0,0,6,8,4,10,1,2,3,4,2,1,0,0,0,2,4,4,0,3,2,3.59E+07,17.4,17.37,0,,0,,,,0,4.5,0,0,,5,5,671842,1.8453721,49.964733,15.829617,5,5,4.5
625,Sudan,2003,6252003,1,96000,4,2.5,1,1,0,0,0,-6,-7,2.87,0,0,0,0,0,1,17,23,8,25,12,13,2,14,6,1,0,1,1,1,2,3,0,0,0,3.66E+07,17.42,17.4,0,,0,,,,0,5,0,0,,8,5,936756,2.522083,39.430996,49.964733,10,4,3
625,Sudan,2004,6252004,2,192000,4.5,4,1,1,2,0,0,-6,-6,2.37,0,0,3,0,0,1,39,56,23,62,35,47,13,48,17,12,13,3,8,9,1,9,0,1,1,3.71E+07,17.43,17.42,5.5,1.7,0,,,,2,5,0,0,,9,8,1028899,2.7147899,9.836392,39.430996,25,14,2
625,Sudan,2005,6252005,3,48000,3.5,4.5,1,1,0,2,0,-4,-6,1.83,1,0,2,0,0,3,28,67,56,84,12,47,47,59,39,35,3,0,2,10,9,11,13,3,8,3.78E+07,17.45,17.43,166.9,5.12,5.5,1.7,,,1,5,,0,,7,9,570000,1.4729264,-44.600975,9.836392,62,48,8.5
625,Sudan,2006,6252006,4,24000,3,3.5,1,1,0,0,0,-4,-4,1.67,0,0,2,1,0,2,24,52,67,91,40,52,47,87,28,12,4,2,3,5,10,13,3,0,2,3.86E+07,17.47,17.45,153.8,5.04,166.9,5.12,,,1,5,,,,6,7,499000,1.2618515,-12.4561405,-44.600975,84,59,10
625,Sudan,2007,6252007,5,12000,2.5,3,1,1,1,0,0,-4,-4,1.6,0,0,2,0,0,2,23,47,52,75,22,62,52,74,24,40,6,4,5,8,5,10,4,2,3,3.94E+07,17.49,17.47,254.1,5.54,153.8,5.04,,,1,5,,,,5,6,345194,0.8537581,-30.822845,-12.4561405,91,87,12.5
625,Sudan,2008,6252008,6,24000,3,2.5,1,1,1,1,0,-4,-4,1.5,0,0,1,0,0,2,7,30,47,54,6,28,62,68,24,22,9,2,6,11,8,14,6,4,5,4.02E+07,17.51,17.49,,,254.1,5.54,,,,5,,,,6,5,366200,0.8856594,6.0852737,-30.822845,75,74,9.5
630,Iran,1981,6301981,1,3000,1.5,0,1,1,0,2,1,-4,-2,1.94,0,1,0,0,2,0,2,4,1,5,6,6,2,8,2,0,0,0,0,1,3,4,0,0,0,4.11E+07,17.53,17.49,0,,0,,1,0,1,4.5,0,0,0,3,0,1025043,2.52848,12.01162,,6,2,8.5
630,Iran,1982,6301982,2,650,0.5,1.5,1,1,1,0,1,-6,-4,1.35,0,1,0,0,1,0,1,3,4,5,7,13,6,13,2,6,2,0,1,1,1,2,0,0,0,4.29E+07,17.57,17.53,0,,0,,1,1,0,5,0,0,4,1,3,1055757,2.512306,2.9963622,12.01162,5,8,4
630,Iran,1983,6301983,3,650,0.5,0.5,1,1,0,1,1,-6,-6,0.93,0,1,0,0,1,0,1,2,3,4,6,13,13,19,1,7,1,0,1,2,1,2,2,0,1,4.46E+07,17.61,17.57,0,,0,,1,1,0,5,0,0,4,1,1,1120670,2.5705435,6.1484795,2.9963622,5,13,2
630,Iran,1984,6301984,4,650,0.5,0.5,1,1,1,0,1,-6,-6,1.34,0,1,0,0,1,0,0,1,2,2,6,12,13,19,1,6,1,0,1,2,2,3,1,0,1,4.64E+07,17.65,17.61,0,,0,,1,1,1,5,0,0,4,1,1,1202166,2.6548738,7.2720785,6.1484795,4,19,1.5
630,Iran,1985,6301985,5,650,0.5,0.5,1,1,0,1,1,-6,-6,1.51,0,1,0,0,1,0,0,0,1,1,8,14,12,20,0,6,0,0,0,1,1,2,1,0,1,4.82E+07,17.69,17.65,0,,0,,1,1,1,5,0,0,4,1,1,1318638,2.7996562,9.688512,7.2720785,2,19,2
630,Iran,1986,6301986,6,650,0.5,0.5,0,1,0,0,1,-6,-6,2.23,0,1,0,0,1,0,0,0,0,0,7,15,14,21,0,8,0,0,0,0,1,1,0,0,0,5.00E+07,17.73,17.69,0,,0,,1,1,1,4.5,0,0,4,1,1,1480235,3.032059,12.254842,9.688512,1,20,1
630,Iran,1987,6301987,7,150,0,0.5,0,0,0,0,1,-6,-6,2.35,0,1,0,0,1,0,1,1,0,1,3,10,15,18,0,7,0,1,1,1,0,1,0,0,0,5.16E+07,17.76,17.73,0,,0,,1,1,1,5,0,0,4,0,1,1661228,3.2945216,12.227315,12.254842,0,21,0.5
630,Iran,1988,6301988,8,3000,1.5,0,0,0,0,0,1,-6,-6,3.15,0,1,1,0,1,0,1,2,1,2,12,15,10,22,1,3,1,1,1,2,1,2,0,1,1,5.30E+07,17.79,17.76,0,,0,,1,1,1,5,0,0,4,3,0,1879682,3.6218622,13.150151,12.227315,1,18,0.5
630,Iran,1989,6301989,9,1500,1,1.5,0,0,0,0,1,-6,-6,2.49,0,0,0,0,1,1,1,2,2,3,13,25,15,28,1,12,0,2,1,2,2,3,1,1,1,5.45E+07,17.81,17.79,0,,0,,1,1,2,4.5,0,0,4,2,3,2029038,3.8119779,7.945812,13.150151,2,22,1.5
630,Iran,1990,6301990,10,1500,1,1,0,0,0,0,0,-6,-6,2.2,0,0,0,0,0,0,3,4,2,5,17,30,25,42,1,13,0,0,0,1,2,2,0,2,1,5.67E+07,17.85,17.81,0,,0,,1,1,1,4,0,0,4,2,2,2199285,4.0428033,8.390528,7.945812,3,28,2.5
630,Iran,1991,6301991,11,650,0.5,1,0,0,0,0,0,-6,-6,1.89,0,0,0,0,0,0,0,3,4,4,15,32,30,45,3,17,2,0,1,1,1,2,0,0,0,5.88E+07,17.89,17.85,0,,0,,1,1,1,4,0,0,4,1,2,2456437,4.443486,11.692528,8.390528,5,42,2
630,Iran,1992,6301992,12,650,0.5,0.5,0,0,0,0,0,-6,-6,1.96,0,0,0,0,0,0,0,0,3,3,20,35,32,52,0,15,1,0,1,2,1,2,2,0,1,6.00E+07,17.91,17.89,0,,0,,1,1,3,4,0,0,4,1,1,2997852,5.336365,22.040663,11.692528,4,45,2
630,Iran,1993,6301993,13,0,0,0.5,0,0,0,0,0,-6,-6,2.36,,,,0,0,0,1,1,0,1,6,26,35,41,0,20,1,0,1,2,2,3,1,0,1,6.02E+07,17.91,17.91,0,,0,,1,1,1,3.5,0,0,4,0,1,3597900,6.302336,20.015932,22.040663,3,52,1.5
645,Iraq,1963,6451963,1,3000,1.5,0,1,1,2,0,1,-5,-5,2.63,1,0,0,0,0,0,,,,,,,,,,,,,,,,,,,,7468223,15.83,15.8,0.2,-1.61,0.4,-0.92,,,,,1,0,,3,0,,,,,,,
645,Iraq,1964,6451964,2,3000,1.5,1.5,1,1,1,2,1,-5,-5,2.6,0,0,0,1,0,0,,,,,,,,,,,,,,,,,,,,7711071,15.86,15.83,0.4,-0.92,0.2,-1.61,,,,,0,1,,3,3,,,,,,,
645,Iraq,1965,6451965,3,3000,1.5,1.5,1,1,5,1,1,-5,-5,2.65,0,0,0,0,0,0,,,,,,,,,,,,,,,,,,,,7970746,15.89,15.86,0.9,-0.11,0.4,-0.92,,,,,0,0,,3,3,,,,,,,
645,Iraq,1966,6451966,4,3000,1.5,1.5,1,1,1,5,1,-5,-5,2.73,0,0,0,0,0,0,,,,,,,,,,,,,,,,,,,,8240451,15.92,15.89,1,0,0.9,-0.11,,,,,0,0,,3,3,,,,,,,
645,Iraq,1967,6451967,5,150,0,1.5,1,1,0,1,1,-5,-5,3.25,0,1,0,0,0,0,,,,,,,,,,,,,,,,,,,,8519282,15.96,15.92,0.5,-0.69,1,0,,,,,0,0,,0,3,,,,,,,
645,Iraq,1968,6451968,6,1500,1,0,1,1,1,0,1,-7,-5,3.12,0,0,0,0,1,0,,,,,,,,,,,,,,,,,,,,8807547,15.99,15.96,0,,0.5,-0.69,,,,,1,0,,2,0,,,,,,,
645,Iraq,1969,6451969,7,3000,1.5,1,1,1,0,1,1,-7,-7,3.47,0,1,0,0,0,0,,,,,,,,,,,,,,,,,,,,9105567,16.02,15.99,0,,0,,,,,,0,1,,3,2,,,,,,,
645,Iraq,1970,6451970,8,150,0,1.5,1,1,0,0,1,-7,-7,3.74,0,0,0,0,1,0,,,,,,,,,,,,,,,,,,,,9413671,16.06,16.02,0,,0,,,,,,0,0,,0,3,92000,0.900974,,,,,
645,Iraq,1971,6451971,9,150,0,0,0,1,0,0,1,-7,-7,2.96,0,0,0,0,0,0,,,,,,,,,,,,,,,,,,,,9732199,16.09,16.06,0,,0,,,,,,0,0,,0,0,,,,,,,
645,Iraq,1972,6451972,10,650,0.5,0,0,0,0,0,1,-7,-7,3.14,0,1,0,0,0,0,,,,,,,,,,,,,,,,,,,,1.01E+07,16.12,16.09,0,,0,,,,,,0,0,,1,0,,,,,,,
645,Iraq,1973,6451973,11,650,0.5,0.5,0,0,1,0,1,-7,-7,2.34,1,1,0,0,1,0,,,,,,,,,,,,,,,,,,,,1.04E+07,16.16,16.12,0,,0,,,,,,0,0,,1,1,,,,,,,
645,Iraq,1974,6451974,12,12000,2.5,0.5,1,0,0,1,1,-7,-7,1.05,1,1,0,1,1,0,,,,,,,,,,,,,,,,,,,,1.08E+07,16.19,16.16,0,,0,,,,,,0,0,,5,1,,,,,,,
645,Iraq,1975,6451975,13,12000,2.5,2.5,1,1,0,0,1,-7,-7,0.84,1,0,0,1,1,0,,,,,,,,,,,1,0,1,,,,,,,1.11E+07,16.22,16.19,,,0,,,,,,0,0,,5,5,,,,,,,
645,Iraq,1976,6451976,14,0,0,2.5,0,1,0,0,1,-7,-7,0.87,,,,1,0,0,1,,,,1,,,,,,0,0,0,1,,,1,0,1,1.15E+07,16.26,16.22,,,,,0,,,4,0,0,,0,5,,,,,,,
645,Iraq,1988,6451988,1,96000,4,0,1,1,0,0,1,-9,-9,2.93,0,1,1,1,1,0,3,3,0,3,6,12,7,19,0,6,3,0,2,2,1,2,0,0,0,1.70E+07,16.65,16.26,0,,0,,1,1,0,5,0,0,1,8,0,677809,3.804752,0.570356,,0,17,0
645,Iraq,1989,6451989,2,96000,4,4,0,1,0,0,1,-9,-9,2.71,0,0,0,0,1,1,3,6,3,6,6,12,12,18,3,6,2,2,2,4,2,4,3,0,2,1.76E+07,16.68,16.65,0,,0,,0,1,0,4,0,0,4,8,8,675000,3.6786122,-0.41442353,0.570356,3,19,2
645,Iraq,1990,6451990,3,96000,4,4,0,0,0,0,0,-9,-9,4.05,0,0,0,0,0,0,7,10,6,13,12,18,12,24,3,6,0,2,1,3,4,5,2,2,2,1.81E+07,16.71,16.68,0,,0,,1,0,0,5,0,0,0,8,8,712109,3.7678006,5.4976296,-0.41442353,6,18,4
645,Iraq,1991,6451991,4,48000,3.5,4,1,0,1,0,0,-9,-9,79.95,0,,0,0,0,0,2,9,10,12,13,25,18,31,7,12,2,6,4,5,3,7,0,2,1,1.75E+07,16.68,16.71,0,,0,,1,1,0,5,0,0,4,7,8,669830,3.4510972,-5.937153,5.4976296,13,24,4.5
645,Iraq,1992,6451992,5,0,0,3.5,1,1,3,1,0,-9,-9,55.27,,,,0,13,0,0,2,9,9,9,22,25,34,2,13,2,1,2,6,5,7,2,6,4,1.79E+07,16.7,16.68,0,,0,,1,1,0,5,0,0,4,0,7,714389,3.5840871,6.652285,-5.937153,12,31,7
652,Syria,1981,6521981,1,12000,2.5,0,0,0,0,0,1,-9,-9,5.35,0,0,2,0,0,1,0,2,1,3,5,8,1,9,2,3,0,0,0,0,0,0,0,0,0,9049230,16.02,17.51,,,,,0,0,0,5,0,0,0,5,0,305000,3.2748091,27.1766,,3,5,0
652,Syria,1982,6521982,2,24000,3,2.5,0,0,1,0,1,-9,-9,5.97,0,0,2,0,0,1,0,0,2,2,1,6,8,9,0,5,0,0,0,0,0,0,0,0,0,9386648,16.05,16.02,,,,,0,0,0,5,0,0,0,6,5,335000,3.462561,9.836065,27.1766,3,9,0
652,Syria,1983,6521983,3,0,0,3,0,0,0,1,1,-9,-9,5.43,,,,0,0,1,1,1,0,1,6,7,6,12,0,1,1,0,1,1,0,1,0,0,0,9735117,16.09,16.05,,,,,0,0,0,4,0,0,0,0,6,366000,3.6416888,9.253732,9.836065,2,9,0
700,Afghanistan,1978,7001978,1,24000,3,0,1,0,1,0,1,0,-7,34.96,0,0,0,0,0,0,2,2,0,2,0,0,0,0,0,0,0,0,0,0,0,0,0,0,0,1.53E+07,16.54,16.52,0.7,-0.36,0.5,-0.69,0,0,,3.5,1,0,0,6,0,25300,0.17638254,13.96396,,0,0,0
700,Afghanistan,1979,7001979,2,48000,3.5,3,1,1,3,1,1,-7,0,35.43,2,0,0,0,0,0,1,3,2,3,1,1,0,1,2,0,1,0,1,1,0,1,0,0,0,1.56E+07,16.56,16.54,0,,0.7,-0.36,0,0,,5,2,1,0,7,6,25300,0.17211895,0,13.96396,2,0,0
700,Afghanistan,1980,7001980,3,48000,3.5,3.5,1,1,0,3,1,-7,-7,26.02,1,0,0,1,0,0,1,2,3,4,1,2,1,2,1,1,0,0,0,1,1,1,1,0,1,1.50E+07,16.53,16.56,0,,0,,1,0,,5,0,2,0,7,7,25800,0.17127775,1.9762846,0,3,1,1
700,Afghanistan,1981,7001981,4,48000,3.5,3.5,1,1,0,0,1,-7,-7,24.61,1,0,0,1,0,0,0,1,2,2,0,1,2,2,1,1,0,0,0,0,1,1,0,0,0,1.37E+07,16.43,16.53,0,,0,,1,1,0,5,0,0,2,7,7,31700,0.20583314,22.868217,1.9762846,4,2,0.5
700,Afghanistan,1982,7001982,5,96000,4,3.5,1,1,0,0,1,-7,-7,21.64,1,0,0,1,0,0,1,1,1,2,0,0,1,1,0,0,0,0,0,0,0,0,0,0,0,1.26E+07,16.35,16.43,0,,0,,1,1,0,5,0,0,2,8,7,28000,0.17782336,-11.671925,22.868217,2,2,0.5
700,Afghanistan,1983,7001983,6,96000,4,4,1,1,0,0,1,-7,-7,19.59,1,0,0,1,0,0,1,2,1,2,5,5,0,5,1,0,0,0,0,0,0,0,0,0,0,1.24E+07,16.34,16.35,0,,0,,1,1,0,5,0,0,2,8,8,29000,0.18013726,3.5714285,-11.671925,2,1,0
700,Afghanistan,1984,7001984,7,192000,4.5,4,1,1,0,0,1,-7,-7,18.48,1,0,0,1,0,0,0,1,2,2,3,8,5,8,1,5,0,0,0,0,0,0,0,0,0,1.28E+07,16.36,16.34,0,,0,,0,1,0,4.5,0,0,4,9,8,30000,0.1822643,3.4482758,3.5714285,2,5,0
700,Afghanistan,1985,7001985,8,192000,4.5,4.5,1,1,0,0,1,-7,-7,21.37,1,0,0,1,0,0,0,0,1,1,1,4,8,9,0,3,1,0,0,0,0,0,0,0,0,1.31E+07,16.39,16.36,0,,0,,1,0,0,5,0,0,0,9,9,31000,0.18421152,3.3333333,3.4482758,2,8,0
700,Afghanistan,1986,7001986,9,96000,4,4.5,1,1,0,0,1,-7,-7,21.11,1,0,0,1,0,0,1,1,0,1,3,4,4,7,0,1,1,0,1,1,0,1,1,0,0,1.31E+07,16.39,16.39,0,,0,,1,1,0,5,0,0,4,8,9,32000,0.18644153,3.2258065,3.3333333,1,9,0.5
700,Afghanistan,1987,7001987,10,96000,4,4,1,1,1,0,1,-7,-7,32.09,1,0,0,1,0,0,0,1,1,1,1,4,4,5,1,3,1,0,1,2,1,2,1,0,1,1.30E+07,16.38,16.39,0,,0,,1,1,0,4.5,0,0,4,8,8,33000,0.18851426,3.125,3.2258065,1,7,1
700,Afghanistan,1988,7001988,11,48000,3.5,4,1,1,0,1,1,-7,-7,42.74,1,0,1,1,0,0,1,1,1,2,3,4,4,7,0,1,0,0,0,1,2,2,1,0,1,1.31E+07,16.39,16.38,0,,0,,1,1,0,4.5,0,0,4,7,8,34000,0.19043499,3.030303,3.125,1,5,1.5
700,Afghanistan,1989,7001989,12,48000,3.5,3.5,1,1,0,0,1,-8,-7,56.69,1,1,0,1,0,1,1,2,1,2,3,6,4,7,1,3,0,0,0,0,1,1,0,0,0,1.34E+07,16.41,16.39,0,,0,,1,1,0,4.5,0,0,4,7,7,35000,0.19220889,2.9411764,3.030303,2,7,1
700,Afghanistan,1990,7001990,13,48000,3.5,3.5,1,1,1,0,0,-8,-8,58.53,1,0,0,1,1,0,0,1,2,2,4,7,6,10,1,3,0,0,0,0,0,0,0,0,0,1.34E+07,16.41,16.41,0,,0,,1,1,0,4,0,0,4,7,7,36200,0.19491783,3.4285715,2.9411764,2,7,0.5
700,Afghanistan,1991,7001991,14,48000,3.5,3.5,1,1,0,1,0,-8,-8,80.77,1,0,0,1,0,0,0,0,1,1,5,9,7,12,0,4,0,0,0,0,0,0,0,0,0,1.35E+07,16.42,16.41,0,,0,,1,1,1,4.5,0,0,4,7,7,37000,0.19481876,2.2099447,3.4285715,2,10,0
700,Afghanistan,1992,7001992,15,48000,3.5,3.5,1,1,1,0,0,0,-8,87.71,0,0,0,1,0,0,0,0,0,0,8,13,9,17,0,5,0,0,0,0,0,0,0,0,0,1.49E+07,16.51,16.42,0,,0,,1,1,,4.5,1,0,4,7,7,29000,0.14931832,-21.621622,2.2099447,1,12,0
700,Afghanistan,1993,7001993,16,0,0,3.5,1,1,0,1,0,0,0,65.6,,,,0,0,0,0,0,0,0,5,13,13,18,0,8,1,0,1,1,0,1,0,0,0,1.68E+07,16.64,16.51,0,,0,,1,1,,4.5,0,1,4,0,7,29000,0.14601557,0,-21.621622,0,17,0
710,China,1959,7101959,1,96000,4,0,1,1,0,0,1,-8,-8,0.36,0,1,0,0,1,0,,,,,,,,,,,,,,,,,,,,6.54E+08,20.3,20.29,,,,,,,,,0,0,,8,0,,,,,,,
710,China,1960,7101960,2,0,0,4,0,1,0,0,1,-8,-8,0.47,,,,0,1,0,,,,,,,,,,,,,,,,,,,,6.51E+08,20.29,20.3,,,,,,,,,0,0,,0,8,,,,,,,
710,China,1966,7101966,1,48000,3.5,0,1,0,1,0,1,-9,-8,0.75,0,1,0,0,2,0,,,,,,,,,,,,,,,,,,,,7.36E+08,20.42,20.39,,,,,,,,,0,0,,7,0,,,,,,,
710,China,1967,7101967,2,48000,3.5,3.5,1,1,0,1,1,-9,-9,0.89,0,1,0,0,2,0,,,,,,,,,,,,,,,,,,,,7.55E+08,20.44,20.42,,,,,,,,,0,0,,7,7,,,,,,,
710,China,1968,7101968,3,48000,3.5,3.5,1,1,0,0,1,-9,-9,1.02,0,1,0,0,2,0,,,,,,,,,,,,,,,,,,,,7.76E+08,20.47,20.44,,,,,,,,,0,0,,7,7,,,,,,,
710,China,1969,7101969,4,48000,3.5,3.5,1,1,0,0,1,-8,-9,1.18,0,2,0,0,2,0,,,,,,,,,,,,,,,,,,,,7.99E+08,20.5,20.47,,,,,,,,,0,0,,7,7,,,,,,,
710,China,1970,7101970,5,48000,3.5,3.5,0,1,0,0,1,-8,-8,1.31,0,0,0,0,3,0,,,,,,,,,,,,,,,,,,,,8.20E+08,20.53,20.5,,,,,,,,,0,0,,7,7,,,,,,,
710,China,1971,7101971,6,48000,3.5,3.5,0,0,0,0,1,-8,-8,1.36,0,0,0,0,1,0,,,,,,,,,,,,,,,,,,,,8.42E+08,20.55,20.53,,,,,,,,,0,0,,7,7,,,,,,,
710,China,1972,7101972,7,48000,3.5,3.5,0,0,0,0,1,-8,-8,1.21,0,0,0,0,1,0,,,,,,,,,,,,,,,,,,,,8.63E+08,20.58,20.55,,,,,,,,,0,0,,7,7,,,,,,,
710,China,1973,7101973,8,48000,3.5,3.5,0,0,0,0,1,-8,-8,0.99,0,0,0,0,1,0,,,,,,,,,,,,,,,,,,,,8.83E+08,20.6,20.58,,,,,,,,,0,0,,7,7,,,,,,,
710,China,1974,7101974,9,48000,3.5,3.5,0,0,0,0,1,-8,-8,1.08,0,1,0,0,1,0,,,,,,,,,,,,,,,,,,,,9.01E+08,20.62,20.6,,,,,,,,,0,0,,7,7,,,,,,,
710,China,1975,7101975,10,48000,3.5,3.5,0,0,0,0,1,-8,-8,1.08,0,0,0,0,2,0,0,,,,0,,,,,,0,0,0,,,,,,,9.18E+08,20.64,20.62,,,,,,,,,0,0,,7,7,1692000,0.18463653,,,,,
710,China,1976,7101976,11,0,0,3.5,0,0,0,0,1,-7,-8,1.39,,,,0,1,0,0,0,,,0,0,,,0,0,0,0,0,0,,,0,0,0,9.33E+08,20.65,20.64,,,,,0,,,4,0,0,,0,7,1761000,0.18921547,4.0780144,,,,
770,Pakistan,1971,7701971,1,512000,5,0,1,0,0,0,1,0,0,5.83,0,1,2,0,0,1,,,,,,,,,,,,,,,,,,,,6.75E+07,18.03,18,0.7,-0.36,0.8,-0.22,,,,,1,0,,10,0,,,,,,,
770,Pakistan,1972,7701972,2,0,0,5,0,1,0,0,1,4,0,5.76,,,,0,1,2,,,,,,,,,,,,,,,,,,,,6.93E+07,18.05,18.03,0.4,-0.92,0.7,-0.36,,,,,0,1,,0,10,,,,,,,
770,Pakistan,1973,7701973,1,1500,1,0,1,0,0,0,1,8,4,5.69,0,0,1,0,1,1,,,,,,,,,,,,,,,,,,,,7.11E+07,18.08,18.05,1.2,0.18,0.4,-0.92,,,,,0,0,,2,0,,,,,,,
770,Pakistan,1974,7701974,2,3000,1.5,1,1,1,0,0,1,8,8,5.69,0,0,1,0,0,1,,,,,,,,,,,,,,,,,,,,7.29E+07,18.1,18.08,0.9,-0.11,1.2,0.18,,,,,0,0,,3,2,,,,,,,
770,Pakistan,1975,7701975,3,1500,1,1.5,1,1,0,0,1,8,8,5.24,0,0,1,0,0,1,0,,,,0,,,,,,0,0,0,,,,,,,7.47E+07,18.13,18.1,0.9,-0.11,0.9,-0.11,,,,,0,0,,2,3,208000,0.29282165,,,,,
770,Pakistan,1976,7701976,4,650,0.5,1,1,1,0,0,1,8,8,5.65,0,0,1,0,0,1,0,0,,,0,0,,,0,0,0,0,0,0,,,0,0,0,7.65E+07,18.15,18.13,1.2,0.18,0.9,-0.11,0,,,,0,0,,1,2,227000,0.30966428,9.134615,,,,
770,Pakistan,1977,7701977,5,650,0.5,0.5,1,1,1,0,1,-7,8,5.93,0,0,1,0,0,1,1,1,0,1,2,2,0,2,0,0,0,0,0,0,0,0,0,0,0,7.82E+07,18.17,18.15,0.9,-0.11,1.2,0.18,0,0,,3.5,1,0,0,1,1,242000,0.31999382,6.6079297,9.134615,,,
770,Pakistan,1978,7701978,6,0,0,0.5,0,1,0,1,1,-7,-7,5.25,,,,0,0,1,2,3,1,3,3,5,2,5,1,2,0,0,0,0,0,0,0,0,0,8.01E+07,18.2,18.17,1.5,0.41,0.9,-0.11,0,0,,3,0,1,0,0,1,260000,0.33340886,7.4380164,6.6079297,1,2,0
775,Burma/Myanm,1978,7751978,1,6000,2,0,1,1,0,0,1,-6,-6,45.55,0,0,0,0,0,0,0,0,3,0,0,0,5,0,0,0,0,0,0,0,0,0,0,0,0,3.19E+07,17.28,17.26,0,,0,,1,0,,3,0,0,0,4,0,27200,0.084838316,2.641509,,0,0,0
775,Burma/Myanm,1979,7751979,2,0,0,2,1,1,0,0,1,-6,-6,45.42,,,,0,0,0,0,0,0,0,0,0,0,0,0,0,0,0,0,0,0,0,0,0,0,3.24E+07,17.29,17.28,0,,0,,0,1,,2.5,0,0,1,0,4,28200,0.08596792,3.6764705,2.641509,0,0,0
780,Sri Lanka/C,1989,7801989,1,24000,3,0,1,1,0,0,1,5,5,16.07,0,0,0,1,0,0,2,3,0,4,12,21,0,34,1,9,0,0,0,0,0,0,0,0,0,1.71E+07,16.66,16.64,0.2,-1.61,0.3,-1.2,0,0,0,5,0,0,0,6,0,105483,0.62425745,1.895268,,3,39,0
780,Sri Lanka/C,1990,7801990,2,1500,1,3,1,1,0,0,0,5,5,14.69,0,0,0,0,0,0,2,4,3,5,19,31,21,40,2,12,0,0,0,0,0,0,0,0,0,1.74E+07,16.67,16.66,0.3,-1.2,0.2,-1.61,0,0,0,5,0,0,0,2,6,121388,0.70931005,15.078259,1.895268,4,34,0
780,Sri Lanka/C,1991,7801991,3,0,0,1,1,1,0,0,0,5,5,13.2,,,,0,0,0,1,3,4,5,16,35,31,47,2,19,2,0,1,1,0,1,0,0,0,1.76E+07,16.68,16.67,0.3,-1.2,0.3,-1.2,0,0,0,4.5,0,0,0,0,2,125834,0.72633916,3.6626356,15.078259,5,40,0
811,Cambodia/Ka,1975,8111975,1,512000,5,0,1,1,1,0,1,0,-5,171.7,0,2,0,0,1,0,0,,,,0,,,,,,0,0,0,,,,,,,7491268,15.83,15.85,757.9,6.63,1357.1,7.21,,,,,1,0,,10,0,,,,,,,
811,Cambodia/Ka,1976,8111976,2,512000,5,5,1,1,2,1,1,-7,0,106.31,0,1,0,0,2,0,0,0,,,0,0,,,0,0,0,0,0,0,,,0,0,0,7227154,15.79,15.83,0,,757.9,6.63,0,,,5,0,1,,10,10,,,,,,,
811,Cambodia/Ka,1977,8111977,3,192000,4.5,5,0,1,2,2,1,-7,-7,143.66,0,3,0,0,1,0,1,1,0,1,0,0,0,0,0,0,0,0,0,0,0,0,0,0,0,6991474,15.76,15.79,0,,0,,1,0,,5,0,0,0,9,10,,,,,,,
811,Cambodia/Ka,1978,8111978,4,96000,4,4.5,0,0,2,2,1,-7,-7,403.47,0,2,0,0,2,0,1,2,1,2,1,1,0,1,1,0,0,1,1,1,0,1,0,0,0,6767162,15.73,15.76,0,,0,,1,1,,3,0,0,4,8,9,,,,,1,0,0
811,Cambodia/Ka,1979,8111979,5,12000,2.5,4,1,0,0,2,1,0,-7,419.38,0,2,0,0,2,0,1,2,2,3,1,2,1,2,1,1,0,0,0,1,1,1,0,1,1,6733638,15.72,15.73,0,,0,,1,1,,3,0,0,4,5,8,,,,,2,1,0.5
811,Cambodia/Ka,1980,8111980,6,0,0,2.5,1,1,0,0,1,0,0,189.99,,,,0,2,0,0,1,2,2,0,1,2,2,1,1,0,0,0,0,1,1,0,0,0,6888021,15.75,15.72,0,,0,,1,1,,3,0,0,4,0,5,,,,,3,2,0.5
817,"Vietnam, So",1965,8171965,1,48000,3.5,0,1,1,3,2,1,-3,-3,15.47,4,1,0,1,1,0,,,,,,,,,,,,,,,,,,,,3.73E+07,17.43,17.4,1717.2,7.45,1061.2,6.97,,,,,3,2,,7,0,,,,,,,
817,"Vietnam, So",1966,8171966,2,48000,3.5,3.5,0,1,0,3,1,-3,-3,12.93,6,1,0,3,1,0,,,,,,,,,,,,,,,,,,,,3.84E+07,17.46,17.43,3599.8,8.19,1717.2,7.45,,,,,0,3,,7,7,,,,,,,
817,"Vietnam, So",1967,8171967,3,48000,3.5,3.5,0,0,0,0,1,-3,-3,10.79,6,1,0,6,1,0,,,,,,,,,,,,,,,,,,,,3.95E+07,17.49,17.46,3346.3,8.12,3599.8,8.19,,,,,0,0,,7,7,,,,,,,
817,"Vietnam, So",1968,8171968,4,48000,3.5,3.5,0,0,0,0,1,-3,-3,13.91,6,1,0,6,1,0,,,,,,,,,,,,,,,,,,,,4.05E+07,17.52,17.49,6064.7,8.71,3346.3,8.12,,,,,0,0,,7,7,,,,,,,
817,"Vietnam, So",1969,8171969,5,48000,3.5,3.5,0,0,1,0,1,-3,-3,11.17,6,1,0,6,1,0,,,,,,,,,,,,,,,,,,,,4.15E+07,17.54,17.52,7155.1,8.88,6064.7,8.71,,,,,0,0,,7,7,,,,,,,
817,"Vietnam, So",1970,8171970,6,48000,3.5,3.5,0,0,0,1,1,-3,-3,15.8,6,1,0,6,1,0,,,,,,,,,,,,,,,,,,,,4.26E+07,17.57,17.54,6976.3,8.85,7155.1,8.88,,,,,0,0,,7,7,,,,,,,
817,"Vietnam, So",1971,8171971,7,48000,3.5,3.5,0,0,0,0,1,-3,-3,11.08,5,1,0,6,1,0,,,,,,,,,,,,,,,,,,,,4.36E+07,17.59,17.57,8043.4,8.99,6976.3,8.85,,,,,0,0,,7,7,,,,,,,
817,"Vietnam, So",1972,8171972,8,48000,3.5,3.5,0,0,0,0,1,-3,-3,11.21,5,1,0,5,1,0,,,,,,,,,,,,,,,,,,,,4.47E+07,17.61,17.59,10308.8,9.24,8043.4,8.99,,,,,0,0,,7,7,,,,,,,
817,"Vietnam, So",1973,8171973,9,48000,3.5,3.5,0,0,0,0,1,-3,-3,16.24,2,1,0,5,1,0,,,,,,,,,,,,,,,,,,,,4.57E+07,17.64,17.61,12797.1,9.46,10308.8,9.24,,,,,0,0,,7,7,,,,,,,
817,"Vietnam, So",1974,8171974,10,48000,3.5,3.5,0,0,0,0,1,-3,-3,46.73,0,1,0,2,1,0,,,,,,,,,,,,,,,,,,,,4.69E+07,17.66,17.64,2798.5,7.94,12797.1,9.46,,,,,0,0,,7,7,,,,,,,
817,"Vietnam, So",1975,8171975,11,48000,3.5,3.5,0,0,0,0,1,-3,-3,12.64,0,1,0,0,1,0,0,,,,0,,,,,,0,0,0,,,,,,,4.81E+07,17.69,17.66,1877.4,7.54,2798.5,7.94,,,,,0,0,,7,7,,,,,,,
817,"Vietnam, So",1976,8171976,12,0,0,3.5,0,1,0,0,1,-7,-7,12.03,,,,0,1,0,0,0,,,0,0,,,0,0,0,0,0,0,,,0,0,0,4.93E+07,17.71,17.69,0,,1877.4,7.54,,,,5,0,0,,0,7,,,,,,,
840,Philippines,1972,8401972,1,6000,2,0,1,1,0,0,1,-9,2,3.14,0,0,0,0,0,0,,,,,,,,,,,,,,,,,,,,4.09E+07,17.53,17.5,83,4.42,74.7,4.31,,,,,0,0,,4,0,,,,,,,
840,Philippines,1973,8401973,2,12000,2.5,2,1,1,0,0,1,-9,-9,2.97,0,0,0,0,0,0,,,,,,,,,,,,,,,,,,,,4.20E+07,17.55,17.5,192.4,5.26,192.4,5.26,,,,,0,0,,5,4,,,,,,,
840,Philippines,1974,8401974,3,12000,2.5,2.5,1,1,0,0,1,-9,-9,2.6,0,1,0,0,0,0,,,,,,,,,,,,,,,,,,,,4.32E+07,17.58,17.5,94.2,4.55,94.2,4.55,,,,,0,0,,5,5,,,,,,,
840,Philippines,1975,8401975,4,12000,2.5,2.5,1,1,0,0,1,-9,-9,2.78,0,0,0,0,1,0,0,,,,0,,,,,,0,0,0,,,,,,,4.43E+07,17.61,17.5,113,4.73,113,4.73,,,,,0,0,,5,5,284000,0.67557186,,,,,
840,Philippines,1976,8401976,5,6000,2,2.5,1,1,0,0,1,-9,-9,2.91,0,0,0,0,0,0,1,1,,,1,1,,,0,0,0,0,0,0,,,0,0,0,4.56E+07,17.63,17.5,82.3,4.41,82.3,4.41,0,,,3.5,0,0,,4,5,304000,0.70375526,7.0422535,,,,
840,Philippines,1977,8401977,6,0,0,2,1,1,0,0,1,-9,-9,2.91,,,,0,0,0,2,3,1,3,0,1,1,1,1,1,0,3,2,2,0,2,0,0,0,4.69E+07,17.66,17.5,107.7,4.68,107.7,4.68,0,0,,3.5,0,0,0,0,4,364000,0.8202244,19.736841,7.0422535,,,
850,Indonesia,1965,8501965,1,512000,5,0,0,0,1,0,1,-5,-5,2.53,0,0,0,0,0,0,,,,,,,,,,,,,,,,,,,,1.11E+08,18.52,17.5,0.7,-0.36,8.4,2.13,,,,,0,0,,10,0,121000,0.116370454,,,,,
850,Indonesia,1966,8501966,2,192000,4.5,5,0,0,1,1,1,-6,-5,3.23,1,0,0,0,0,0,,,,,,,,,,,,,,,,,,,,1.13E+08,18.54,17.5,0,,0.7,-0.36,,,,,1,0,,9,10,,,,,,,
850,Indonesia,1967,8501967,3,0,0,4.5,1,0,0,1,1,-7,-6,3.09,,,,1,0,0,,,,,,,,,,,,,,,,,,,,1.15E+08,18.56,17.5,12.6,2.53,0,,,,,,0,1,,0,9,,,,,,,
850,Indonesia,1975,8501975,1,48000,3.5,0,1,0,0,0,1,-7,-7,1.42,1,0,0,1,0,0,0,,,,0,,,,,,0,0,0,,,,,,,1.35E+08,18.72,17.5,66.1,4.19,70.5,4.26,,,,,0,0,,7,0,207500,0.15800041,,,,,
850,Indonesia,1976,8501976,2,48000,3.5,3.5,1,1,0,0,1,-7,-7,1.33,1,0,0,1,0,0,1,1,,,3,3,,,0,0,0,0,0,0,,,0,0,0,1.38E+08,18.74,17.5,170.7,5.14,66.1,4.19,0,,,3.5,0,0,,7,7,219400,0.1633372,5.7349396,,,,
850,Indonesia,1977,8501977,3,24000,3,3.5,1,1,0,0,1,-7,-7,1.26,0,0,0,1,0,0,3,4,1,4,2,5,3,5,1,3,1,0,1,1,0,1,0,0,0,1.41E+08,18.77,17.5,115.2,4.75,170.7,5.14,1,0,,4,0,0,0,6,7,241000,0.17547269,9.845032,5.7349396,,,
850,Indonesia,1978,8501978,4,24000,3,3,1,1,0,0,1,-7,-7,1.36,0,0,0,0,0,0,1,4,4,5,8,10,5,13,3,2,0,0,0,1,1,1,1,0,1,1.44E+08,18.79,17.5,153.6,5.03,115.2,4.75,1,1,,3.5,0,0,2,6,6,275100,0.19595322,14.149378,9.845032,4,5,0.5
850,Indonesia,1979,8501979,5,12000,2.5,3,1,1,0,0,1,-7,-7,1.4,0,0,0,0,0,0,1,2,4,5,1,9,10,11,1,8,0,0,0,0,1,1,0,0,0,1.47E+08,18.81,17.5,85.2,4.45,153.6,5.03,1,1,,3,0,0,2,5,6,317100,0.221022,15.267176,14.149378,5,13,0.5
850,Indonesia,1980,8501980,6,12000,2.5,2.5,1,1,0,0,1,-7,-7,1.2,0,0,0,0,0,0,1,2,2,3,6,7,9,15,1,1,0,0,0,0,0,0,0,0,0,1.50E+08,18.83,17.5,74.5,4.31,85.2,4.45,1,1,,3.5,0,0,2,5,5,375800,0.25637522,18.51151,15.267176,5,11,0.5
850,Indonesia,1981,8501981,7,6000,2,2.5,1,1,0,0,1,-7,-7,1.09,0,0,0,0,0,0,0,1,2,2,5,11,7,12,1,6,0,0,0,0,0,0,0,0,0,1.54E+08,18.85,17.5,66.1,4.19,74.5,4.31,0,1,2,4,0,0,2,4,5,427185,0.28531104,13.673496,18.51151,3,15,0
850,Indonesia,1982,8501982,8,6000,2,2,1,1,0,0,1,-7,-7,0.92,0,0,0,0,0,0,0,0,1,1,5,10,11,16,0,5,0,0,0,0,0,0,0,0,0,1.57E+08,18.87,17.5,81,4.39,66.1,4.19,1,0,4,3.5,0,0,0,4,4,475459,0.31097513,11.30049,13.673496,2,12,0
850,Indonesia,1983,8501983,9,6000,2,2,1,1,0,0,1,-7,-7,0.94,0,0,0,0,0,0,2,2,0,2,7,12,10,17,0,5,0,0,0,0,0,0,0,0,0,1.60E+08,18.89,17.5,50.3,3.92,81,4.39,1,1,4,3.5,0,0,1,4,4,503253,0.3224622,5.84572,11.30049,1,16,0
850,Indonesia,1984,8501984,10,3000,1.5,2,1,1,0,0,1,-7,-7,1.04,0,0,0,0,0,0,0,2,2,2,7,14,12,19,2,7,0,0,0,0,0,0,0,0,0,1.63E+08,18.91,17.5,84,4.43,50.3,3.92,1,1,1,4,0,0,2,3,4,536102,0.33669916,6.5273333,5.84572,2,17,0
850,Indonesia,1985,8501985,11,1500,1,1.5,1,1,0,0,1,-7,-7,1.3,0,0,0,0,0,0,2,2,2,4,21,28,14,35,0,7,0,0,0,0,0,0,0,0,0,1.66E+08,18.93,17.5,58.9,4.08,84,4.43,0,1,3,4,0,0,1,2,3,602356,0.37102854,12.358469,6.5273333,2,19,0
850,Indonesia,1986,8501986,12,650,0.5,1,1,1,0,0,1,-7,-7,1.54,0,0,0,0,0,0,1,3,2,3,24,45,28,52,2,21,0,1,1,1,0,1,0,0,0,1.69E+08,18.95,17.5,35.3,3.56,58.9,4.08,0,0,5,3,0,0,0,1,2,677279,0.40939552,12.438326,12.358469,4,35,0
850,Indonesia,1987,8501987,13,3000,1.5,0.5,1,1,0,0,1,-7,-7,1.61,0,0,0,0,0,0,1,2,3,4,21,45,45,66,1,24,0,0,0,1,1,1,0,1,1,1.72E+08,18.96,17.5,19.6,2.98,35.3,3.56,0,0,2,3,0,0,0,3,1,759127,0.4505688,12.084827,12.438326,3,52,0.5
850,Indonesia,1988,8501988,14,150,0,1.5,1,1,0,0,1,-7,-7,1.69,0,0,0,0,0,0,0,1,2,2,16,37,45,61,1,21,2,0,1,1,1,2,0,0,0,1.75E+08,18.98,17.5,9.2,2.22,19.6,2.98,0,0,4,3,0,0,0,0,3,828812,0.48330152,9.179624,12.084827,4,66,0.5
850,Indonesia,1989,8501989,15,650,0.5,0,1,1,0,0,1,-7,-7,1.55,0,0,0,0,0,0,0,0,1,1,5,21,37,42,0,16,0,1,1,2,1,2,2,0,1,1.79E+08,19,17.5,4.3,1.46,9.2,2.22,0,0,4,3,0,0,0,1,0,863814,0.49514413,4.223153,9.179624,2,61,1.5
850,Indonesia,1990,8501990,16,3000,1.5,0.5,1,1,0,0,0,-7,-7,1.44,0,0,0,0,0,0,0,0,0,0,8,13,21,29,0,5,4,0,2,3,2,4,0,1,1,1.82E+08,19.02,17.5,2.6,0.96,4.3,1.46,0,0,0,3.5,0,0,0,3,1,1066222,0.6010774,23.431896,4.223153,1,42,1.5
850,Indonesia,1991,8501991,17,150,0,1.5,1,1,0,0,0,-7,-7,1.3,0,0,0,0,0,0,1,1,0,1,14,22,13,27,0,8,2,0,1,3,3,4,4,0,2,1.85E+08,19.04,17.5,38.2,3.64,2.6,0.96,0,0,1,4,0,0,0,0,3,1295002,0.7183591,21.45707,23.431896,0,29,3.5
850,Indonesia,1992,8501992,18,650,0.5,0,0,1,0,0,0,-7,-7,1.24,0,0,0,0,0,0,0,1,1,1,12,26,22,34,1,14,4,0,2,3,3,5,2,0,1,1.88E+08,19.05,17.5,2.9,1.06,38.2,3.64,1,0,0,4,0,0,0,1,0,1652378,0.90235054,27.59656,21.45707,1,27,3.5
850,Indonesia,1993,8501993,19,0,0,0.5,0,0,0,0,0,-7,-7,1.24,,,,0,0,0,1,1,1,2,17,29,26,43,0,12,2,0,1,3,3,4,4,0,2,1.91E+08,19.07,17.5,,,2.9,1.06,1,1,1,4,0,0,4,0,1,1863947,1.0024805,12.80391,27.59656,1,34,5